system:index,cart_estimatefCOVER,estimatefCOVER,rf_estimatefCOVER,.geo
0,647.0,649,624.3733333333333,"{""type"":""MultiPoint"",""coordinates"":[]}"
1,580.6666666666666,573,603.1916666666666,"{""type"":""MultiPoint"",""coordinates"":[]}"
2,762.0,772,763.0583333333333,"{""type"":""MultiPoint"",""coordinates"":[]}"
3,388.0,362,392.4216666666668,"{""type"":""MultiPoint"",""coordinates"":[]}"
4,478.5,473,474.1016666666667,"{""type"":""MultiPoint"",""coordinates"":[]}"
5,388.5,386,378.98166666666657,"{""type"":""MultiPoint"",""coordinates"":[]}"
6,359.0,362,385.5300000000001,"{""type"":""MultiPoint"",""coordinates"":[]}"
7,0.0,0,1.1789673600609667,"{""type"":""MultiPoint"",""coordinates"":[]}"
8,523.5,528,526.1816666666666,"{""type"":""MultiPoint"",""coordinates"":[]}"
9,426.5,427,425.53166666666664,"{""type"":""MultiPoint"",""coordinates"":[]}"
10,551.0,556,567.2333333333335,"{""type"":""MultiPoint"",""coordinates"":[]}"
11,436.5,436,430.3283333333334,"{""type"":""MultiPoint"",""coordinates"":[]}"
12,0.0,0,1.1789673600609667,"{""type"":""MultiPoint"",""coordinates"":[]}"
13,460.0,454,461.79166666666674,"{""type"":""MultiPoint"",""coordinates"":[]}"
14,658.5,659,660.5000000000001,"{""type"":""MultiPoint"",""coordinates"":[]}"
15,481.3333333333333,484,469.9383333333333,"{""type"":""MultiPoint"",""coordinates"":[]}"
16,467.5,468,473.9599999999999,"{""type"":""MultiPoint"",""coordinates"":[]}"
17,0.0,0,1.1789673600609667,"{""type"":""MultiPoint"",""coordinates"":[]}"
18,633.3333333333334,642,632.9016666666666,"{""type"":""MultiPoint"",""coordinates"":[]}"
19,654.5,654,667.2816666666668,"{""type"":""MultiPoint"",""coordinates"":[]}"
20,711.0,709,689.6649999999998,"{""type"":""MultiPoint"",""coordinates"":[]}"
21,617.0,615,604.645,"{""type"":""MultiPoint"",""coordinates"":[]}"
22,495.0,492,498.96833333333336,"{""type"":""MultiPoint"",""coordinates"":[]}"
23,513.0,509,511.88,"{""type"":""MultiPoint"",""coordinates"":[]}"
24,421.5,402,398.3383333333332,"{""type"":""MultiPoint"",""coordinates"":[]}"
25,368.5,368,367.75166666666667,"{""type"":""MultiPoint"",""coordinates"":[]}"
26,420.5,420,406.39500000000015,"{""type"":""MultiPoint"",""coordinates"":[]}"
27,544.0,536,574.2466666666669,"{""type"":""MultiPoint"",""coordinates"":[]}"
28,377.0,379,383.35999999999984,"{""type"":""MultiPoint"",""coordinates"":[]}"
29,520.0,523,519.125,"{""type"":""MultiPoint"",""coordinates"":[]}"
30,435.3333333333333,434,435.855,"{""type"":""MultiPoint"",""coordinates"":[]}"
31,711.6666666666666,714,719.6166666666667,"{""type"":""MultiPoint"",""coordinates"":[]}"
32,677.6666666666666,681,675.8566666666667,"{""type"":""MultiPoint"",""coordinates"":[]}"
33,0.0,0,1.1789673600609667,"{""type"":""MultiPoint"",""coordinates"":[]}"
34,665.0,663,653.4633333333335,"{""type"":""MultiPoint"",""coordinates"":[]}"
35,610.0,615,592.4850000000001,"{""type"":""MultiPoint"",""coordinates"":[]}"
36,424.0,427,426.48833333333334,"{""type"":""MultiPoint"",""coordinates"":[]}"
37,482.5,492,492.2366666666666,"{""type"":""MultiPoint"",""coordinates"":[]}"
38,610.0,605,591.9316666666667,"{""type"":""MultiPoint"",""coordinates"":[]}"
39,730.5,723,712.6600000000002,"{""type"":""MultiPoint"",""coordinates"":[]}"
40,0.0,0,1.1789673600609667,"{""type"":""MultiPoint"",""coordinates"":[]}"
41,564.0,547,569.6866666666666,"{""type"":""MultiPoint"",""coordinates"":[]}"
42,578.6666666666666,577,568.8266666666667,"{""type"":""MultiPoint"",""coordinates"":[]}"
43,676.0,679,685.7883333333334,"{""type"":""MultiPoint"",""coordinates"":[]}"
44,412.0,407,408.11333333333334,"{""type"":""MultiPoint"",""coordinates"":[]}"
45,516.0,519,529.6333333333334,"{""type"":""MultiPoint"",""coordinates"":[]}"
46,656.3333333333334,666,658.8216666666667,"{""type"":""MultiPoint"",""coordinates"":[]}"
47,767.3333333333334,761,766.1466666666669,"{""type"":""MultiPoint"",""coordinates"":[]}"
48,420.3333333333333,412,416.71833333333336,"{""type"":""MultiPoint"",""coordinates"":[]}"
49,560.5,564,545.2299999999999,"{""type"":""MultiPoint"",""coordinates"":[]}"
50,402.0,405,399.71999999999986,"{""type"":""MultiPoint"",""coordinates"":[]}"
51,631.5,633,631.1216666666664,"{""type"":""MultiPoint"",""coordinates"":[]}"
52,386.0,388,388.61000000000007,"{""type"":""MultiPoint"",""coordinates"":[]}"
53,427.0,432,433.8716666666668,"{""type"":""MultiPoint"",""coordinates"":[]}"
54,585.5,580,589.3666666666667,"{""type"":""MultiPoint"",""coordinates"":[]}"
55,401.0,402,404.3766666666667,"{""type"":""MultiPoint"",""coordinates"":[]}"
56,522.5,521,512.8683333333333,"{""type"":""MultiPoint"",""coordinates"":[]}"
57,574.0,579,597.86,"{""type"":""MultiPoint"",""coordinates"":[]}"
58,742.3333333333334,742,751.0033333333331,"{""type"":""MultiPoint"",""coordinates"":[]}"
59,580.6666666666666,594,610.31,"{""type"":""MultiPoint"",""coordinates"":[]}"
60,704.5,703,700.3083333333334,"{""type"":""MultiPoint"",""coordinates"":[]}"
61,424.0,421,420.2750000000001,"{""type"":""MultiPoint"",""coordinates"":[]}"
62,469.6666666666667,465,457.52,"{""type"":""MultiPoint"",""coordinates"":[]}"
63,590.0,593,587.7466666666666,"{""type"":""MultiPoint"",""coordinates"":[]}"
64,570.5,580,559.8516666666667,"{""type"":""MultiPoint"",""coordinates"":[]}"
65,518.5,515,512.325,"{""type"":""MultiPoint"",""coordinates"":[]}"
66,526.0,517,524.7116666666668,"{""type"":""MultiPoint"",""coordinates"":[]}"
67,582.5,590,583.4166666666666,"{""type"":""MultiPoint"",""coordinates"":[]}"
68,382.3333333333333,393,395.7366666666666,"{""type"":""MultiPoint"",""coordinates"":[]}"
69,437.0,440,442.34333333333336,"{""type"":""MultiPoint"",""coordinates"":[]}"
70,355.3333333333333,359,358.0816666666666,"{""type"":""MultiPoint"",""coordinates"":[]}"
71,421.0,422,427.8516666666666,"{""type"":""MultiPoint"",""coordinates"":[]}"
72,657.3333333333334,657,671.3383333333335,"{""type"":""MultiPoint"",""coordinates"":[]}"
73,573.5,571,568.4966666666667,"{""type"":""MultiPoint"",""coordinates"":[]}"
74,550.6666666666666,564,539.7099999999999,"{""type"":""MultiPoint"",""coordinates"":[]}"
75,393.3333333333333,400,398.30666666666656,"{""type"":""MultiPoint"",""coordinates"":[]}"
76,613.0,617,599.1000000000001,"{""type"":""MultiPoint"",""coordinates"":[]}"
77,558.3333333333334,592,576.8533333333332,"{""type"":""MultiPoint"",""coordinates"":[]}"
78,646.6666666666666,662,647.4816666666667,"{""type"":""MultiPoint"",""coordinates"":[]}"
79,425.0,424,423.51666666666665,"{""type"":""MultiPoint"",""coordinates"":[]}"
80,668.0,656,655.1249999999999,"{""type"":""MultiPoint"",""coordinates"":[]}"
81,642.0,637,643.4116666666666,"{""type"":""MultiPoint"",""coordinates"":[]}"
82,767.3333333333334,759,765.1400000000001,"{""type"":""MultiPoint"",""coordinates"":[]}"
83,651.5,649,644.3433333333332,"{""type"":""MultiPoint"",""coordinates"":[]}"
84,376.5,381,387.37333333333333,"{""type"":""MultiPoint"",""coordinates"":[]}"
85,611.3333333333334,614,624.0666666666668,"{""type"":""MultiPoint"",""coordinates"":[]}"
86,388.0,395,401.29333333333335,"{""type"":""MultiPoint"",""coordinates"":[]}"
87,342.0,329,337.70666666666665,"{""type"":""MultiPoint"",""coordinates"":[]}"
88,455.3333333333333,460,458.8716666666667,"{""type"":""MultiPoint"",""coordinates"":[]}"
89,663.5,661,675.2033333333333,"{""type"":""MultiPoint"",""coordinates"":[]}"
90,740.0,739,733.85,"{""type"":""MultiPoint"",""coordinates"":[]}"
91,0.0,0,1.1789673600609667,"{""type"":""MultiPoint"",""coordinates"":[]}"
92,508.5,517,522.2099999999999,"{""type"":""MultiPoint"",""coordinates"":[]}"
93,342.0,344,324.275,"{""type"":""MultiPoint"",""coordinates"":[]}"
94,687.0,680,682.0366666666665,"{""type"":""MultiPoint"",""coordinates"":[]}"
95,578.6666666666666,576,566.15,"{""type"":""MultiPoint"",""coordinates"":[]}"
96,316.0,350,339.21666666666664,"{""type"":""MultiPoint"",""coordinates"":[]}"
97,541.0,535,526.8799999999999,"{""type"":""MultiPoint"",""coordinates"":[]}"
98,657.3333333333334,659,668.2733333333335,"{""type"":""MultiPoint"",""coordinates"":[]}"
99,0.0,0,1.1789673600609667,"{""type"":""MultiPoint"",""coordinates"":[]}"
100,656.3333333333334,648,641.2433333333333,"{""type"":""MultiPoint"",""coordinates"":[]}"
101,561.0,557,553.0783333333333,"{""type"":""MultiPoint"",""coordinates"":[]}"
102,393.3333333333333,385,392.575,"{""type"":""MultiPoint"",""coordinates"":[]}"
103,482.5,473,487.86499999999995,"{""type"":""MultiPoint"",""coordinates"":[]}"
104,0.0,0,1.1789673600609667,"{""type"":""MultiPoint"",""coordinates"":[]}"
105,409.5,407,400.01499999999993,"{""type"":""MultiPoint"",""coordinates"":[]}"
106,375.0,374,372.2416666666666,"{""type"":""MultiPoint"",""coordinates"":[]}"
107,0.0,0,1.1789673600609667,"{""type"":""MultiPoint"",""coordinates"":[]}"
108,467.0,463,465.37999999999994,"{""type"":""MultiPoint"",""coordinates"":[]}"
109,496.5,493,511.5099999999999,"{""type"":""MultiPoint"",""coordinates"":[]}"
110,605.3333333333334,595,581.8283333333334,"{""type"":""MultiPoint"",""coordinates"":[]}"
111,490.0,503,496.45833333333326,"{""type"":""MultiPoint"",""coordinates"":[]}"
112,472.0,481,460.5200000000001,"{""type"":""MultiPoint"",""coordinates"":[]}"
113,526.3333333333334,530,531.0916666666666,"{""type"":""MultiPoint"",""coordinates"":[]}"
114,675.6666666666666,679,679.4266666666666,"{""type"":""MultiPoint"",""coordinates"":[]}"
115,572.5,577,571.6016666666667,"{""type"":""MultiPoint"",""coordinates"":[]}"
116,437.6666666666667,432,441.04666666666674,"{""type"":""MultiPoint"",""coordinates"":[]}"
117,653.0,651,661.655,"{""type"":""MultiPoint"",""coordinates"":[]}"
118,418.5,418,406.715,"{""type"":""MultiPoint"",""coordinates"":[]}"
119,498.5,496,493.0733333333334,"{""type"":""MultiPoint"",""coordinates"":[]}"
120,339.0,342,348.42666666666673,"{""type"":""MultiPoint"",""coordinates"":[]}"
121,608.6666666666666,616,595.6666666666667,"{""type"":""MultiPoint"",""coordinates"":[]}"
122,390.3333333333333,388,398.42666666666673,"{""type"":""MultiPoint"",""coordinates"":[]}"
123,604.5,624,634.7816666666666,"{""type"":""MultiPoint"",""coordinates"":[]}"
124,398.0,395,400.94166666666655,"{""type"":""MultiPoint"",""coordinates"":[]}"
125,577.0,576,594.9316666666666,"{""type"":""MultiPoint"",""coordinates"":[]}"
126,610.0,611,594.6183333333333,"{""type"":""MultiPoint"",""coordinates"":[]}"
127,671.5,675,676.6866666666667,"{""type"":""MultiPoint"",""coordinates"":[]}"
128,0.0,0,1.1789673600609667,"{""type"":""MultiPoint"",""coordinates"":[]}"
129,712.6666666666666,714,716.0883333333331,"{""type"":""MultiPoint"",""coordinates"":[]}"
130,0.0,0,1.1789673600609667,"{""type"":""MultiPoint"",""coordinates"":[]}"
131,583.0,565,569.4716666666666,"{""type"":""MultiPoint"",""coordinates"":[]}"
132,579.5,580,563.6,"{""type"":""MultiPoint"",""coordinates"":[]}"
133,434.0,430,435.30666666666673,"{""type"":""MultiPoint"",""coordinates"":[]}"
134,612.5,627,636.0766666666665,"{""type"":""MultiPoint"",""coordinates"":[]}"
135,543.0,549,549.7650000000001,"{""type"":""MultiPoint"",""coordinates"":[]}"
136,694.6666666666666,713,700.9016666666665,"{""type"":""MultiPoint"",""coordinates"":[]}"
137,580.0,574,575.2316666666667,"{""type"":""MultiPoint"",""coordinates"":[]}"
138,0.0,0,1.1789673600609667,"{""type"":""MultiPoint"",""coordinates"":[]}"
139,482.6666666666667,484,471.5150000000001,"{""type"":""MultiPoint"",""coordinates"":[]}"
140,423.0,418,406.49666666666667,"{""type"":""MultiPoint"",""coordinates"":[]}"
141,368.6666666666667,364,364.79000000000013,"{""type"":""MultiPoint"",""coordinates"":[]}"
142,568.0,563,549.3000000000002,"{""type"":""MultiPoint"",""coordinates"":[]}"
143,0.0,0,1.1789673600609667,"{""type"":""MultiPoint"",""coordinates"":[]}"
144,441.5,439,438.81333333333345,"{""type"":""MultiPoint"",""coordinates"":[]}"
145,581.5,580,587.2433333333333,"{""type"":""MultiPoint"",""coordinates"":[]}"
146,376.5,372,388.7149999999999,"{""type"":""MultiPoint"",""coordinates"":[]}"
147,420.5,422,424.5716666666669,"{""type"":""MultiPoint"",""coordinates"":[]}"
148,359.0,365,373.56166666666667,"{""type"":""MultiPoint"",""coordinates"":[]}"
149,596.5,599,602.2516666666667,"{""type"":""MultiPoint"",""coordinates"":[]}"
150,714.0,715,706.9466666666666,"{""type"":""MultiPoint"",""coordinates"":[]}"
151,686.5,687,686.3016666666668,"{""type"":""MultiPoint"",""coordinates"":[]}"
152,427.0,422,432.2600000000002,"{""type"":""MultiPoint"",""coordinates"":[]}"
153,765.5,765,758.6850000000003,"{""type"":""MultiPoint"",""coordinates"":[]}"
154,569.5,568,567.0833333333334,"{""type"":""MultiPoint"",""coordinates"":[]}"
155,672.5,664,687.1916666666666,"{""type"":""MultiPoint"",""coordinates"":[]}"
156,496.5,494,487.37000000000006,"{""type"":""MultiPoint"",""coordinates"":[]}"
157,608.6666666666666,611,583.4083333333333,"{""type"":""MultiPoint"",""coordinates"":[]}"
158,455.6666666666667,447,466.67,"{""type"":""MultiPoint"",""coordinates"":[]}"
159,387.5,384,388.63999999999993,"{""type"":""MultiPoint"",""coordinates"":[]}"
160,446.0,448,450.0366666666667,"{""type"":""MultiPoint"",""coordinates"":[]}"
161,467.5,472,466.21333333333337,"{""type"":""MultiPoint"",""coordinates"":[]}"
162,565.5,562,526.2666666666667,"{""type"":""MultiPoint"",""coordinates"":[]}"
163,453.0,463,442.5883333333335,"{""type"":""MultiPoint"",""coordinates"":[]}"
164,424.0,424,421.0016666666667,"{""type"":""MultiPoint"",""coordinates"":[]}"
165,582.0,585,609.5316666666668,"{""type"":""MultiPoint"",""coordinates"":[]}"
166,316.0,282,335.87,"{""type"":""MultiPoint"",""coordinates"":[]}"
167,407.5,404,415.63666666666677,"{""type"":""MultiPoint"",""coordinates"":[]}"
168,630.6666666666666,635,642.8483333333334,"{""type"":""MultiPoint"",""coordinates"":[]}"
169,520.0,510,521.2866666666666,"{""type"":""MultiPoint"",""coordinates"":[]}"
170,593.3333333333334,608,611.4033333333333,"{""type"":""MultiPoint"",""coordinates"":[]}"
171,363.0,361,360.70666666666676,"{""type"":""MultiPoint"",""coordinates"":[]}"
172,353.3333333333333,355,360.5566666666666,"{""type"":""MultiPoint"",""coordinates"":[]}"
173,0.0,0,1.1789673600609667,"{""type"":""MultiPoint"",""coordinates"":[]}"
174,424.5,430,417.7883333333333,"{""type"":""MultiPoint"",""coordinates"":[]}"
175,763.3333333333334,764,754.2883333333335,"{""type"":""MultiPoint"",""coordinates"":[]}"
176,584.6666666666666,584,585.015,"{""type"":""MultiPoint"",""coordinates"":[]}"
177,625.0,632,601.345,"{""type"":""MultiPoint"",""coordinates"":[]}"
178,623.3333333333334,616,629.7666666666668,"{""type"":""MultiPoint"",""coordinates"":[]}"
179,505.0,492,515.1666666666665,"{""type"":""MultiPoint"",""coordinates"":[]}"
180,526.0,513,509.1083333333333,"{""type"":""MultiPoint"",""coordinates"":[]}"
181,611.3333333333334,610,607.8800000000001,"{""type"":""MultiPoint"",""coordinates"":[]}"
182,455.6666666666667,467,471.3083333333333,"{""type"":""MultiPoint"",""coordinates"":[]}"
183,491.3333333333333,497,488.6833333333333,"{""type"":""MultiPoint"",""coordinates"":[]}"
184,599.0,607,615.395,"{""type"":""MultiPoint"",""coordinates"":[]}"
185,472.0,475,470.1966666666667,"{""type"":""MultiPoint"",""coordinates"":[]}"
186,681.3333333333334,674,678.1616666666664,"{""type"":""MultiPoint"",""coordinates"":[]}"
187,675.6666666666666,670,676.63,"{""type"":""MultiPoint"",""coordinates"":[]}"
188,730.5,738,725.26,"{""type"":""MultiPoint"",""coordinates"":[]}"
189,488.0,493,495.43000000000006,"{""type"":""MultiPoint"",""coordinates"":[]}"
190,707.6666666666666,709,699.2883333333334,"{""type"":""MultiPoint"",""coordinates"":[]}"
191,728.0,727,729.0350000000002,"{""type"":""MultiPoint"",""coordinates"":[]}"
192,446.0,447,458.08500000000015,"{""type"":""MultiPoint"",""coordinates"":[]}"
193,433.0,432,432.61333333333334,"{""type"":""MultiPoint"",""coordinates"":[]}"
194,659.0,666,655.7283333333335,"{""type"":""MultiPoint"",""coordinates"":[]}"
195,402.5,396,396.6116666666666,"{""type"":""MultiPoint"",""coordinates"":[]}"
196,0.0,0,1.1789673600609667,"{""type"":""MultiPoint"",""coordinates"":[]}"
197,637.0,640,632.1516666666665,"{""type"":""MultiPoint"",""coordinates"":[]}"
198,731.5,736,734.83,"{""type"":""MultiPoint"",""coordinates"":[]}"
199,686.5,686,685.7016666666668,"{""type"":""MultiPoint"",""coordinates"":[]}"
200,342.0,313,324.04333333333335,"{""type"":""MultiPoint"",""coordinates"":[]}"
201,762.0,752,744.9416666666667,"{""type"":""MultiPoint"",""coordinates"":[]}"
202,350.5,348,342.8966666666667,"{""type"":""MultiPoint"",""coordinates"":[]}"
203,655.3333333333334,655,650.9466666666665,"{""type"":""MultiPoint"",""coordinates"":[]}"
204,495.0,503,487.5883333333333,"{""type"":""MultiPoint"",""coordinates"":[]}"
205,497.0,501,492.0383333333334,"{""type"":""MultiPoint"",""coordinates"":[]}"
206,652.0,644,649.3650000000001,"{""type"":""MultiPoint"",""coordinates"":[]}"
207,478.5,484,472.30999999999983,"{""type"":""MultiPoint"",""coordinates"":[]}"
208,0.0,0,1.1789673600609667,"{""type"":""MultiPoint"",""coordinates"":[]}"
209,430.0,431,433.17833333333346,"{""type"":""MultiPoint"",""coordinates"":[]}"
210,675.6666666666666,678,676.7116666666666,"{""type"":""MultiPoint"",""coordinates"":[]}"
211,685.5,695,669.1716666666667,"{""type"":""MultiPoint"",""coordinates"":[]}"
212,657.5,668,665.7183333333335,"{""type"":""MultiPoint"",""coordinates"":[]}"
213,648.0,649,641.4016666666666,"{""type"":""MultiPoint"",""coordinates"":[]}"
214,725.0,723,712.5566666666667,"{""type"":""MultiPoint"",""coordinates"":[]}"
215,0.0,0,1.1789673600609667,"{""type"":""MultiPoint"",""coordinates"":[]}"
216,474.3333333333333,476,470.75500000000017,"{""type"":""MultiPoint"",""coordinates"":[]}"
217,711.6666666666666,711,710.4433333333333,"{""type"":""MultiPoint"",""coordinates"":[]}"
218,625.0,618,605.7500000000001,"{""type"":""MultiPoint"",""coordinates"":[]}"
219,460.0,466,455.39,"{""type"":""MultiPoint"",""coordinates"":[]}"
220,564.0,565,552.1983333333333,"{""type"":""MultiPoint"",""coordinates"":[]}"
221,593.3333333333334,612,613.6733333333332,"{""type"":""MultiPoint"",""coordinates"":[]}"
222,0.0,0,1.1789673600609667,"{""type"":""MultiPoint"",""coordinates"":[]}"
223,555.3333333333334,556,556.9516666666667,"{""type"":""MultiPoint"",""coordinates"":[]}"
224,406.5,405,410.08999999999986,"{""type"":""MultiPoint"",""coordinates"":[]}"
225,393.3333333333333,395,397.77333333333314,"{""type"":""MultiPoint"",""coordinates"":[]}"
226,657.0,647,638.8716666666664,"{""type"":""MultiPoint"",""coordinates"":[]}"
227,574.0,569,599.9116666666666,"{""type"":""MultiPoint"",""coordinates"":[]}"
228,382.3333333333333,384,382.4149999999999,"{""type"":""MultiPoint"",""coordinates"":[]}"
229,499.0,497,503.8383333333332,"{""type"":""MultiPoint"",""coordinates"":[]}"
230,456.3333333333333,455,452.3316666666666,"{""type"":""MultiPoint"",""coordinates"":[]}"
231,437.0,434,443.67666666666656,"{""type"":""MultiPoint"",""coordinates"":[]}"
232,769.5,792,792.5883333333331,"{""type"":""MultiPoint"",""coordinates"":[]}"
233,399.5,400,403.60333333333335,"{""type"":""MultiPoint"",""coordinates"":[]}"
234,576.0,570,584.4116666666666,"{""type"":""MultiPoint"",""coordinates"":[]}"
235,576.0,579,584.0099999999999,"{""type"":""MultiPoint"",""coordinates"":[]}"
236,763.3333333333334,762,764.935,"{""type"":""MultiPoint"",""coordinates"":[]}"
237,387.5,391,384.25666666666655,"{""type"":""MultiPoint"",""coordinates"":[]}"
238,695.0,690,685.3700000000001,"{""type"":""MultiPoint"",""coordinates"":[]}"
239,583.5,584,591.05,"{""type"":""MultiPoint"",""coordinates"":[]}"
240,390.3333333333333,390,399.26,"{""type"":""MultiPoint"",""coordinates"":[]}"
241,0.0,0,1.1789673600609667,"{""type"":""MultiPoint"",""coordinates"":[]}"
242,651.5,654,651.4233333333334,"{""type"":""MultiPoint"",""coordinates"":[]}"
243,424.0,424,423.7533333333333,"{""type"":""MultiPoint"",""coordinates"":[]}"
244,376.0,379,371.35666666666657,"{""type"":""MultiPoint"",""coordinates"":[]}"
245,700.0,703,682.0666666666667,"{""type"":""MultiPoint"",""coordinates"":[]}"
246,415.5,405,425.5083333333332,"{""type"":""MultiPoint"",""coordinates"":[]}"
247,140.5,149,169.8605393646601,"{""type"":""MultiPoint"",""coordinates"":[]}"
248,433.3333333333333,441,426.46833333333336,"{""type"":""MultiPoint"",""coordinates"":[]}"
249,725.0,727,707.5916666666667,"{""type"":""MultiPoint"",""coordinates"":[]}"
250,415.0,420,415.7166666666667,"{""type"":""MultiPoint"",""coordinates"":[]}"
251,401.6666666666667,394,395.9633333333334,"{""type"":""MultiPoint"",""coordinates"":[]}"
252,645.5,644,638.9883333333332,"{""type"":""MultiPoint"",""coordinates"":[]}"
253,426.5,426,420.565,"{""type"":""MultiPoint"",""coordinates"":[]}"
254,730.0,734,710.9316666666666,"{""type"":""MultiPoint"",""coordinates"":[]}"
255,368.6666666666667,367,364.4200000000001,"{""type"":""MultiPoint"",""coordinates"":[]}"
256,677.0,675,665.64,"{""type"":""MultiPoint"",""coordinates"":[]}"
257,28.5,0,11.38396736006097,"{""type"":""MultiPoint"",""coordinates"":[]}"
258,677.6666666666666,671,672.94,"{""type"":""MultiPoint"",""coordinates"":[]}"
259,417.0,413,420.575,"{""type"":""MultiPoint"",""coordinates"":[]}"
260,457.0,458,459.275,"{""type"":""MultiPoint"",""coordinates"":[]}"
261,476.5,478,477.9499999999999,"{""type"":""MultiPoint"",""coordinates"":[]}"
262,574.5,571,575.265,"{""type"":""MultiPoint"",""coordinates"":[]}"
263,373.5,374,379.2733333333333,"{""type"":""MultiPoint"",""coordinates"":[]}"
264,628.3333333333334,623,650.4416666666666,"{""type"":""MultiPoint"",""coordinates"":[]}"
265,443.5,449,443.6449999999999,"{""type"":""MultiPoint"",""coordinates"":[]}"
266,467.0,468,466.945,"{""type"":""MultiPoint"",""coordinates"":[]}"
267,425.3333333333333,432,425.1766666666666,"{""type"":""MultiPoint"",""coordinates"":[]}"
268,434.0,438,436.3483333333333,"{""type"":""MultiPoint"",""coordinates"":[]}"
269,698.0,697,680.4550000000002,"{""type"":""MultiPoint"",""coordinates"":[]}"
270,703.5,714,723.7566666666669,"{""type"":""MultiPoint"",""coordinates"":[]}"
271,373.5,373,379.18000000000006,"{""type"":""MultiPoint"",""coordinates"":[]}"
272,582.5,575,579.6816666666667,"{""type"":""MultiPoint"",""coordinates"":[]}"
273,596.6666666666666,600,593.7399999999999,"{""type"":""MultiPoint"",""coordinates"":[]}"
274,666.0,646,677.6833333333333,"{""type"":""MultiPoint"",""coordinates"":[]}"
275,474.3333333333333,472,461.4700000000001,"{""type"":""MultiPoint"",""coordinates"":[]}"
276,0.0,0,1.1789673600609667,"{""type"":""MultiPoint"",""coordinates"":[]}"
277,476.5,475,478.38666666666666,"{""type"":""MultiPoint"",""coordinates"":[]}"
278,620.5,620,628.5016666666664,"{""type"":""MultiPoint"",""coordinates"":[]}"
279,0.0,0,1.1789673600609667,"{""type"":""MultiPoint"",""coordinates"":[]}"
280,368.0,366,368.0716666666668,"{""type"":""MultiPoint"",""coordinates"":[]}"
281,388.5,391,382.48,"{""type"":""MultiPoint"",""coordinates"":[]}"
282,647.0,645,637.6216666666664,"{""type"":""MultiPoint"",""coordinates"":[]}"
283,0.0,0,1.1789673600609667,"{""type"":""MultiPoint"",""coordinates"":[]}"
284,662.3333333333334,663,662.7616666666668,"{""type"":""MultiPoint"",""coordinates"":[]}"
285,537.5,528,552.5816666666666,"{""type"":""MultiPoint"",""coordinates"":[]}"
286,431.5,425,429.1466666666667,"{""type"":""MultiPoint"",""coordinates"":[]}"
287,474.5,480,488.0766666666667,"{""type"":""MultiPoint"",""coordinates"":[]}"
288,377.5,380,387.0616666666668,"{""type"":""MultiPoint"",""coordinates"":[]}"
289,368.0,370,366.51166666666666,"{""type"":""MultiPoint"",""coordinates"":[]}"
290,430.5,427,423.43833333333345,"{""type"":""MultiPoint"",""coordinates"":[]}"
291,535.0,535,544.0449999999998,"{""type"":""MultiPoint"",""coordinates"":[]}"
292,610.0,609,596.6666666666667,"{""type"":""MultiPoint"",""coordinates"":[]}"
293,730.0,731,732.9450000000003,"{""type"":""MultiPoint"",""coordinates"":[]}"
294,734.0,733,741.8866666666668,"{""type"":""MultiPoint"",""coordinates"":[]}"
295,544.5,562,547.2116666666666,"{""type"":""MultiPoint"",""coordinates"":[]}"
296,616.0,617,612.2033333333334,"{""type"":""MultiPoint"",""coordinates"":[]}"
297,451.5,435,456.8883333333334,"{""type"":""MultiPoint"",""coordinates"":[]}"
298,412.0,413,408.1433333333334,"{""type"":""MultiPoint"",""coordinates"":[]}"
299,546.5,540,543.6583333333332,"{""type"":""MultiPoint"",""coordinates"":[]}"
300,666.0,686,682.435,"{""type"":""MultiPoint"",""coordinates"":[]}"
301,520.0,519,514.8699999999999,"{""type"":""MultiPoint"",""coordinates"":[]}"
302,637.0,619,620.025,"{""type"":""MultiPoint"",""coordinates"":[]}"
303,646.6666666666666,639,637.4866666666667,"{""type"":""MultiPoint"",""coordinates"":[]}"
304,651.5,659,666.7966666666666,"{""type"":""MultiPoint"",""coordinates"":[]}"
305,669.0,660,661.6116666666669,"{""type"":""MultiPoint"",""coordinates"":[]}"
306,526.3333333333334,528,529.1433333333333,"{""type"":""MultiPoint"",""coordinates"":[]}"
307,551.0,546,549.2016666666666,"{""type"":""MultiPoint"",""coordinates"":[]}"
308,0.0,0,1.1789673600609667,"{""type"":""MultiPoint"",""coordinates"":[]}"
309,767.3333333333334,782,768.2816666666668,"{""type"":""MultiPoint"",""coordinates"":[]}"
310,525.0,525,529.0016666666667,"{""type"":""MultiPoint"",""coordinates"":[]}"
311,742.0,737,731.0999999999999,"{""type"":""MultiPoint"",""coordinates"":[]}"
312,660.0,662,669.5749999999998,"{""type"":""MultiPoint"",""coordinates"":[]}"
313,394.0,397,386.23833333333334,"{""type"":""MultiPoint"",""coordinates"":[]}"
314,507.0,504,487.4766666666668,"{""type"":""MultiPoint"",""coordinates"":[]}"
315,499.0,501,497.88166666666655,"{""type"":""MultiPoint"",""coordinates"":[]}"
316,648.0,658,645.4333333333334,"{""type"":""MultiPoint"",""coordinates"":[]}"
317,201.5,198,210.17945095345829,"{""type"":""MultiPoint"",""coordinates"":[]}"
318,599.0,594,602.2766666666665,"{""type"":""MultiPoint"",""coordinates"":[]}"
319,538.0,548,529.3883333333333,"{""type"":""MultiPoint"",""coordinates"":[]}"
320,711.0,713,700.5616666666666,"{""type"":""MultiPoint"",""coordinates"":[]}"
321,0.0,0,1.1789673600609667,"{""type"":""MultiPoint"",""coordinates"":[]}"
322,657.5,647,664.4016666666665,"{""type"":""MultiPoint"",""coordinates"":[]}"
323,402.5,401,412.36500000000007,"{""type"":""MultiPoint"",""coordinates"":[]}"
324,447.6666666666667,446,455.76833333333343,"{""type"":""MultiPoint"",""coordinates"":[]}"
325,517.0,530,511.605,"{""type"":""MultiPoint"",""coordinates"":[]}"
326,597.6666666666666,584,603.8683333333333,"{""type"":""MultiPoint"",""coordinates"":[]}"
327,547.5,542,554.1600000000002,"{""type"":""MultiPoint"",""coordinates"":[]}"
328,394.0,392,382.2800000000001,"{""type"":""MultiPoint"",""coordinates"":[]}"
329,648.0,644,639.6833333333334,"{""type"":""MultiPoint"",""coordinates"":[]}"
330,578.6666666666666,583,569.3083333333334,"{""type"":""MultiPoint"",""coordinates"":[]}"
331,394.0,393,388.17166666666674,"{""type"":""MultiPoint"",""coordinates"":[]}"
332,382.3333333333333,386,391.14833333333337,"{""type"":""MultiPoint"",""coordinates"":[]}"
333,0.0,0,1.1789673600609667,"{""type"":""MultiPoint"",""coordinates"":[]}"
334,704.5,706,700.9066666666665,"{""type"":""MultiPoint"",""coordinates"":[]}"
335,566.3333333333334,565,582.8766666666666,"{""type"":""MultiPoint"",""coordinates"":[]}"
336,467.5,463,469.60666666666674,"{""type"":""MultiPoint"",""coordinates"":[]}"
337,428.6666666666667,425,431.57500000000005,"{""type"":""MultiPoint"",""coordinates"":[]}"
338,405.5,406,403.35666666666657,"{""type"":""MultiPoint"",""coordinates"":[]}"
339,435.0,437,432.30833333333334,"{""type"":""MultiPoint"",""coordinates"":[]}"
340,390.3333333333333,395,402.18666666666667,"{""type"":""MultiPoint"",""coordinates"":[]}"
341,496.5,499,480.44499999999994,"{""type"":""MultiPoint"",""coordinates"":[]}"
342,598.5,592,597.8983333333333,"{""type"":""MultiPoint"",""coordinates"":[]}"
343,495.0,487,487.3183333333334,"{""type"":""MultiPoint"",""coordinates"":[]}"
344,420.5,428,411.57333333333327,"{""type"":""MultiPoint"",""coordinates"":[]}"
345,566.3333333333334,564,582.6166666666666,"{""type"":""MultiPoint"",""coordinates"":[]}"
346,0.0,0,1.1789673600609667,"{""type"":""MultiPoint"",""coordinates"":[]}"
347,392.5,392,395.36833333333334,"{""type"":""MultiPoint"",""coordinates"":[]}"
348,633.3333333333334,633,630.7399999999999,"{""type"":""MultiPoint"",""coordinates"":[]}"
349,435.3333333333333,448,440.6616666666668,"{""type"":""MultiPoint"",""coordinates"":[]}"
350,0.0,0,1.1789673600609667,"{""type"":""MultiPoint"",""coordinates"":[]}"
351,638.0,642,649.9483333333334,"{""type"":""MultiPoint"",""coordinates"":[]}"
352,692.5,693,683.7183333333332,"{""type"":""MultiPoint"",""coordinates"":[]}"
353,613.0,609,605.1883333333333,"{""type"":""MultiPoint"",""coordinates"":[]}"
354,441.5,444,440.0800000000001,"{""type"":""MultiPoint"",""coordinates"":[]}"
355,692.5,692,681.7433333333333,"{""type"":""MultiPoint"",""coordinates"":[]}"
356,342.0,369,295.08234234234226,"{""type"":""MultiPoint"",""coordinates"":[]}"
357,776.6666666666666,777,767.6166666666667,"{""type"":""MultiPoint"",""coordinates"":[]}"
358,694.6666666666666,676,691.0833333333331,"{""type"":""MultiPoint"",""coordinates"":[]}"
359,491.3333333333333,486,491.1233333333335,"{""type"":""MultiPoint"",""coordinates"":[]}"
360,506.5,512,504.9433333333332,"{""type"":""MultiPoint"",""coordinates"":[]}"
361,433.0,434,433.04833333333335,"{""type"":""MultiPoint"",""coordinates"":[]}"
362,740.0,741,742.4733333333335,"{""type"":""MultiPoint"",""coordinates"":[]}"
363,474.5,468,487.8933333333334,"{""type"":""MultiPoint"",""coordinates"":[]}"
364,467.5,467,468.8499999999999,"{""type"":""MultiPoint"",""coordinates"":[]}"
365,697.5,701,693.7116666666667,"{""type"":""MultiPoint"",""coordinates"":[]}"
366,547.5,553,549.3850000000001,"{""type"":""MultiPoint"",""coordinates"":[]}"
367,425.3333333333333,423,422.53666666666663,"{""type"":""MultiPoint"",""coordinates"":[]}"
368,526.3333333333334,521,532.57,"{""type"":""MultiPoint"",""coordinates"":[]}"
369,503.5,489,513.2650000000001,"{""type"":""MultiPoint"",""coordinates"":[]}"
370,489.0,483,483.5833333333334,"{""type"":""MultiPoint"",""coordinates"":[]}"
371,681.5,683,682.0299999999999,"{""type"":""MultiPoint"",""coordinates"":[]}"
372,597.6666666666666,605,609.1466666666668,"{""type"":""MultiPoint"",""coordinates"":[]}"
373,681.0,692,692.9316666666666,"{""type"":""MultiPoint"",""coordinates"":[]}"
374,742.3333333333334,745,744.4783333333331,"{""type"":""MultiPoint"",""coordinates"":[]}"
375,631.3333333333334,632,629.8933333333332,"{""type"":""MultiPoint"",""coordinates"":[]}"
376,455.0,480,458.53833333333336,"{""type"":""MultiPoint"",""coordinates"":[]}"
377,623.3333333333334,632,622.8750000000001,"{""type"":""MultiPoint"",""coordinates"":[]}"
378,548.5,546,532.2416666666666,"{""type"":""MultiPoint"",""coordinates"":[]}"
379,525.0,526,522.9300000000002,"{""type"":""MultiPoint"",""coordinates"":[]}"
380,669.0,663,680.0666666666667,"{""type"":""MultiPoint"",""coordinates"":[]}"
381,578.0,587,559.3066666666667,"{""type"":""MultiPoint"",""coordinates"":[]}"
382,371.0,374,373.67833333333334,"{""type"":""MultiPoint"",""coordinates"":[]}"
384,391.5,391,400.07500000000005,"{""type"":""MultiPoint"",""coordinates"":[]}"
385,378.6666666666667,381,376.21333333333337,"{""type"":""MultiPoint"",""coordinates"":[]}"
386,503.5,493,511.0816666666666,"{""type"":""MultiPoint"",""coordinates"":[]}"
387,420.6666666666667,408,433.5166666666665,"{""type"":""MultiPoint"",""coordinates"":[]}"
388,498.5,501,494.5866666666666,"{""type"":""MultiPoint"",""coordinates"":[]}"
389,528.6666666666666,524,516.2933333333334,"{""type"":""MultiPoint"",""coordinates"":[]}"
390,648.0,641,638.9033333333333,"{""type"":""MultiPoint"",""coordinates"":[]}"
391,618.0,612,619.1533333333333,"{""type"":""MultiPoint"",""coordinates"":[]}"
392,608.5,614,592.5100000000001,"{""type"":""MultiPoint"",""coordinates"":[]}"
393,405.5,405,400.66833333333335,"{""type"":""MultiPoint"",""coordinates"":[]}"
394,574.5,578,576.2516666666667,"{""type"":""MultiPoint"",""coordinates"":[]}"
395,691.3333333333334,687,690.6166666666667,"{""type"":""MultiPoint"",""coordinates"":[]}"
396,418.0,422,418.56166666666655,"{""type"":""MultiPoint"",""coordinates"":[]}"
397,491.0,488,482.19499999999994,"{""type"":""MultiPoint"",""coordinates"":[]}"
398,703.5,693,712.4383333333334,"{""type"":""MultiPoint"",""coordinates"":[]}"
399,470.5,475,473.2016666666667,"{""type"":""MultiPoint"",""coordinates"":[]}"
400,0.0,0,1.1789673600609667,"{""type"":""MultiPoint"",""coordinates"":[]}"
401,608.5,603,588.7833333333333,"{""type"":""MultiPoint"",""coordinates"":[]}"
402,604.5,585,623.2583333333334,"{""type"":""MultiPoint"",""coordinates"":[]}"
403,500.5,505,494.73666666666657,"{""type"":""MultiPoint"",""coordinates"":[]}"
404,449.0,444,452.6966666666669,"{""type"":""MultiPoint"",""coordinates"":[]}"
405,342.0,355,340.74999999999994,"{""type"":""MultiPoint"",""coordinates"":[]}"
406,556.6666666666666,561,561.8883333333333,"{""type"":""MultiPoint"",""coordinates"":[]}"
407,406.0,405,412.15666666666664,"{""type"":""MultiPoint"",""coordinates"":[]}"
408,406.5,408,408.86,"{""type"":""MultiPoint"",""coordinates"":[]}"
409,481.3333333333333,477,470.93833333333345,"{""type"":""MultiPoint"",""coordinates"":[]}"
410,470.5,499,507.48666666666657,"{""type"":""MultiPoint"",""coordinates"":[]}"
411,724.5,722,714.0249999999999,"{""type"":""MultiPoint"",""coordinates"":[]}"
412,407.5,406,399.585,"{""type"":""MultiPoint"",""coordinates"":[]}"
413,437.6666666666667,438,443.95500000000015,"{""type"":""MultiPoint"",""coordinates"":[]}"
414,431.0,440,454.175,"{""type"":""MultiPoint"",""coordinates"":[]}"
415,550.6666666666666,540,538.6466666666668,"{""type"":""MultiPoint"",""coordinates"":[]}"
416,485.5,485,518.5116666666667,"{""type"":""MultiPoint"",""coordinates"":[]}"
417,510.6666666666667,503,505.6049999999999,"{""type"":""MultiPoint"",""coordinates"":[]}"
418,378.6666666666667,373,374.1016666666668,"{""type"":""MultiPoint"",""coordinates"":[]}"
419,769.5,747,745.8666666666666,"{""type"":""MultiPoint"",""coordinates"":[]}"
420,541.0,551,556.5150000000001,"{""type"":""MultiPoint"",""coordinates"":[]}"
421,0.0,0,1.1789673600609667,"{""type"":""MultiPoint"",""coordinates"":[]}"
422,462.5,454,443.7716666666666,"{""type"":""MultiPoint"",""coordinates"":[]}"
423,724.5,727,711.4016666666665,"{""type"":""MultiPoint"",""coordinates"":[]}"
424,0.0,0,1.1789673600609667,"{""type"":""MultiPoint"",""coordinates"":[]}"
425,441.0,440,433.02333333333337,"{""type"":""MultiPoint"",""coordinates"":[]}"
426,523.5,519,521.8116666666666,"{""type"":""MultiPoint"",""coordinates"":[]}"
427,402.5,404,402.99000000000007,"{""type"":""MultiPoint"",""coordinates"":[]}"
428,668.0,663,655.7,"{""type"":""MultiPoint"",""coordinates"":[]}"
429,735.5,736,727.7933333333334,"{""type"":""MultiPoint"",""coordinates"":[]}"
430,596.6666666666666,597,584.9383333333333,"{""type"":""MultiPoint"",""coordinates"":[]}"
431,0.0,0,1.1789673600609667,"{""type"":""MultiPoint"",""coordinates"":[]}"
432,0.0,0,1.1789673600609667,"{""type"":""MultiPoint"",""coordinates"":[]}"
433,599.0,596,607.0283333333332,"{""type"":""MultiPoint"",""coordinates"":[]}"
434,467.0,468,460.0950000000001,"{""type"":""MultiPoint"",""coordinates"":[]}"
435,435.3333333333333,422,410.4033333333332,"{""type"":""MultiPoint"",""coordinates"":[]}"
436,401.6666666666667,412,398.04,"{""type"":""MultiPoint"",""coordinates"":[]}"
437,374.5,377,392.4,"{""type"":""MultiPoint"",""coordinates"":[]}"
438,665.0,667,648.3016666666666,"{""type"":""MultiPoint"",""coordinates"":[]}"
439,505.0,518,523.0266666666665,"{""type"":""MultiPoint"",""coordinates"":[]}"
440,470.5,466,472.61333333333334,"{""type"":""MultiPoint"",""coordinates"":[]}"
441,382.3333333333333,381,391.44333333333327,"{""type"":""MultiPoint"",""coordinates"":[]}"
442,408.5,410,410.86333333333323,"{""type"":""MultiPoint"",""coordinates"":[]}"
443,0.0,0,1.1789673600609667,"{""type"":""MultiPoint"",""coordinates"":[]}"
444,681.3333333333334,684,681.7633333333333,"{""type"":""MultiPoint"",""coordinates"":[]}"
445,556.6666666666666,551,558.0350000000001,"{""type"":""MultiPoint"",""coordinates"":[]}"
446,677.6666666666666,681,675.785,"{""type"":""MultiPoint"",""coordinates"":[]}"
447,698.0,699,685.5833333333333,"{""type"":""MultiPoint"",""coordinates"":[]}"
448,350.5,353,345.75333333333333,"{""type"":""MultiPoint"",""coordinates"":[]}"
449,390.3333333333333,382,404.2249999999999,"{""type"":""MultiPoint"",""coordinates"":[]}"
450,695.0,700,689.8533333333332,"{""type"":""MultiPoint"",""coordinates"":[]}"
451,455.6666666666667,453,477.4216666666668,"{""type"":""MultiPoint"",""coordinates"":[]}"
452,662.3333333333334,662,661.7966666666666,"{""type"":""MultiPoint"",""coordinates"":[]}"
453,589.5,580,577.945,"{""type"":""MultiPoint"",""coordinates"":[]}"
454,637.0,638,618.085,"{""type"":""MultiPoint"",""coordinates"":[]}"
455,435.3333333333333,424,433.80500000000006,"{""type"":""MultiPoint"",""coordinates"":[]}"
456,497.0,493,492.8400000000001,"{""type"":""MultiPoint"",""coordinates"":[]}"
457,427.5,436,424.86333333333346,"{""type"":""MultiPoint"",""coordinates"":[]}"
458,378.6666666666667,382,375.5,"{""type"":""MultiPoint"",""coordinates"":[]}"
459,677.0,682,664.4233333333333,"{""type"":""MultiPoint"",""coordinates"":[]}"
460,503.5,518,525.7716666666665,"{""type"":""MultiPoint"",""coordinates"":[]}"
461,505.0,515,511.0300000000001,"{""type"":""MultiPoint"",""coordinates"":[]}"
462,765.5,766,762.0783333333334,"{""type"":""MultiPoint"",""coordinates"":[]}"
463,712.6666666666666,700,706.945,"{""type"":""MultiPoint"",""coordinates"":[]}"
464,473.6666666666667,472,471.8066666666666,"{""type"":""MultiPoint"",""coordinates"":[]}"
465,671.5,668,676.8149999999998,"{""type"":""MultiPoint"",""coordinates"":[]}"
466,666.0,668,665.005,"{""type"":""MultiPoint"",""coordinates"":[]}"
467,670.3333333333334,677,681.1883333333332,"{""type"":""MultiPoint"",""coordinates"":[]}"
468,558.3333333333334,523,553.7100000000003,"{""type"":""MultiPoint"",""coordinates"":[]}"
469,726.5,730,720.245,"{""type"":""MultiPoint"",""coordinates"":[]}"
470,576.0,579,586.8516666666667,"{""type"":""MultiPoint"",""coordinates"":[]}"
471,456.6666666666667,461,473.7433333333335,"{""type"":""MultiPoint"",""coordinates"":[]}"
472,707.6666666666666,707,706.03,"{""type"":""MultiPoint"",""coordinates"":[]}"
473,560.5,557,539.8033333333332,"{""type"":""MultiPoint"",""coordinates"":[]}"
474,444.5,445,438.36499999999995,"{""type"":""MultiPoint"",""coordinates"":[]}"
475,361.6666666666667,363,356.5416666666666,"{""type"":""MultiPoint"",""coordinates"":[]}"
476,433.3333333333333,429,425.21333333333337,"{""type"":""MultiPoint"",""coordinates"":[]}"
477,482.6666666666667,481,471.2050000000001,"{""type"":""MultiPoint"",""coordinates"":[]}"
478,694.6666666666666,695,699.385,"{""type"":""MultiPoint"",""coordinates"":[]}"
479,513.5,514,517.9,"{""type"":""MultiPoint"",""coordinates"":[]}"
480,424.0,430,435.3766666666667,"{""type"":""MultiPoint"",""coordinates"":[]}"
481,650.0,642,652.4433333333334,"{""type"":""MultiPoint"",""coordinates"":[]}"
482,679.3333333333334,672,689.525,"{""type"":""MultiPoint"",""coordinates"":[]}"
483,435.6666666666667,435,439.1933333333335,"{""type"":""MultiPoint"",""coordinates"":[]}"
484,350.5,351,361.9483333333332,"{""type"":""MultiPoint"",""coordinates"":[]}"
485,463.3333333333333,468,470.505,"{""type"":""MultiPoint"",""coordinates"":[]}"
486,0.0,0,1.1789673600609667,"{""type"":""MultiPoint"",""coordinates"":[]}"
487,401.6666666666667,399,393.00666666666666,"{""type"":""MultiPoint"",""coordinates"":[]}"
488,611.3333333333334,611,608.1750000000001,"{""type"":""MultiPoint"",""coordinates"":[]}"
489,0.0,0,1.1789673600609667,"{""type"":""MultiPoint"",""coordinates"":[]}"
490,420.0,422,404.79999999999995,"{""type"":""MultiPoint"",""coordinates"":[]}"
491,676.0,668,685.2716666666665,"{""type"":""MultiPoint"",""coordinates"":[]}"
492,608.0,605,610.1149999999999,"{""type"":""MultiPoint"",""coordinates"":[]}"
493,558.3333333333334,560,581.2533333333333,"{""type"":""MultiPoint"",""coordinates"":[]}"
494,472.0,476,477.6000000000001,"{""type"":""MultiPoint"",""coordinates"":[]}"
495,379.5,377,373.10833333333335,"{""type"":""MultiPoint"",""coordinates"":[]}"
496,582.0,579,600.9950000000001,"{""type"":""MultiPoint"",""coordinates"":[]}"
497,620.5,621,641.3566666666667,"{""type"":""MultiPoint"",""coordinates"":[]}"
498,734.0,735,742.8199999999998,"{""type"":""MultiPoint"",""coordinates"":[]}"
499,431.0,422,443.98333333333335,"{""type"":""MultiPoint"",""coordinates"":[]}"
500,633.0,636,637.7466666666668,"{""type"":""MultiPoint"",""coordinates"":[]}"
501,0.0,0,1.1789673600609667,"{""type"":""MultiPoint"",""coordinates"":[]}"
502,668.0,685,661.2383333333332,"{""type"":""MultiPoint"",""coordinates"":[]}"
503,703.0,711,693.795,"{""type"":""MultiPoint"",""coordinates"":[]}"
504,534.0,536,529.9316666666667,"{""type"":""MultiPoint"",""coordinates"":[]}"
505,0.0,0,1.1789673600609667,"{""type"":""MultiPoint"",""coordinates"":[]}"
506,707.6666666666666,707,708.9383333333333,"{""type"":""MultiPoint"",""coordinates"":[]}"
507,589.5,599,585.585,"{""type"":""MultiPoint"",""coordinates"":[]}"
508,479.0,482,471.5316666666666,"{""type"":""MultiPoint"",""coordinates"":[]}"
509,630.6666666666666,627,649.2183333333334,"{""type"":""MultiPoint"",""coordinates"":[]}"
510,584.6666666666666,585,583.5716666666665,"{""type"":""MultiPoint"",""coordinates"":[]}"
511,742.3333333333334,740,743.3516666666667,"{""type"":""MultiPoint"",""coordinates"":[]}"
512,414.5,416,417.06833333333344,"{""type"":""MultiPoint"",""coordinates"":[]}"
513,0.0,0,1.1789673600609667,"{""type"":""MultiPoint"",""coordinates"":[]}"
514,541.0,546,528.9916666666667,"{""type"":""MultiPoint"",""coordinates"":[]}"
515,691.3333333333334,693,694.8316666666666,"{""type"":""MultiPoint"",""coordinates"":[]}"
516,388.0,407,396.0416666666668,"{""type"":""MultiPoint"",""coordinates"":[]}"
517,689.3333333333334,686,685.4883333333335,"{""type"":""MultiPoint"",""coordinates"":[]}"
518,526.0,518,518.8100000000001,"{""type"":""MultiPoint"",""coordinates"":[]}"
519,618.0,615,619.8766666666667,"{""type"":""MultiPoint"",""coordinates"":[]}"
520,697.0,698,694.5949999999998,"{""type"":""MultiPoint"",""coordinates"":[]}"
521,526.0,547,521.8683333333333,"{""type"":""MultiPoint"",""coordinates"":[]}"
522,544.0,552,578.1966666666667,"{""type"":""MultiPoint"",""coordinates"":[]}"
523,640.6666666666666,642,637.0550000000001,"{""type"":""MultiPoint"",""coordinates"":[]}"
524,669.0,678,662.6766666666667,"{""type"":""MultiPoint"",""coordinates"":[]}"
525,581.5,583,586.3666666666666,"{""type"":""MultiPoint"",""coordinates"":[]}"
526,433.0,436,433.3033333333333,"{""type"":""MultiPoint"",""coordinates"":[]}"
527,405.3333333333333,413,404.66666666666663,"{""type"":""MultiPoint"",""coordinates"":[]}"
528,573.5,576,562.545,"{""type"":""MultiPoint"",""coordinates"":[]}"
529,697.5,694,692.4249999999998,"{""type"":""MultiPoint"",""coordinates"":[]}"
530,548.5,550,553.0216666666669,"{""type"":""MultiPoint"",""coordinates"":[]}"
531,484.0,480,495.87500000000017,"{""type"":""MultiPoint"",""coordinates"":[]}"
532,415.5,426,429.3033333333333,"{""type"":""MultiPoint"",""coordinates"":[]}"
533,0.0,0,1.1789673600609667,"{""type"":""MultiPoint"",""coordinates"":[]}"
534,369.6666666666667,367,367.50166666666667,"{""type"":""MultiPoint"",""coordinates"":[]}"
535,382.3333333333333,377,382.9483333333332,"{""type"":""MultiPoint"",""coordinates"":[]}"
536,355.3333333333333,357,357.06166666666667,"{""type"":""MultiPoint"",""coordinates"":[]}"
537,496.5,500,499.55833333333317,"{""type"":""MultiPoint"",""coordinates"":[]}"
538,401.0,400,401.1616666666668,"{""type"":""MultiPoint"",""coordinates"":[]}"
539,379.5,382,378.1616666666667,"{""type"":""MultiPoint"",""coordinates"":[]}"
540,360.0,356,370.71,"{""type"":""MultiPoint"",""coordinates"":[]}"
541,0.0,0,1.1789673600609667,"{""type"":""MultiPoint"",""coordinates"":[]}"
542,697.0,696,708.4016666666664,"{""type"":""MultiPoint"",""coordinates"":[]}"
543,455.5,446,455.54,"{""type"":""MultiPoint"",""coordinates"":[]}"
544,608.0,611,597.9466666666666,"{""type"":""MultiPoint"",""coordinates"":[]}"
545,640.6666666666666,642,637.5516666666667,"{""type"":""MultiPoint"",""coordinates"":[]}"
546,435.3333333333333,451,419.81666666666666,"{""type"":""MultiPoint"",""coordinates"":[]}"
547,590.0,587,598.22,"{""type"":""MultiPoint"",""coordinates"":[]}"
548,720.0,712,714.2549999999997,"{""type"":""MultiPoint"",""coordinates"":[]}"
549,420.5,419,425.2283333333334,"{""type"":""MultiPoint"",""coordinates"":[]}"
550,816.0,805,794.725,"{""type"":""MultiPoint"",""coordinates"":[]}"
551,597.0,582,602.9366666666667,"{""type"":""MultiPoint"",""coordinates"":[]}"
552,421.0,428,423.6533333333335,"{""type"":""MultiPoint"",""coordinates"":[]}"
553,0.0,0,1.1789673600609667,"{""type"":""MultiPoint"",""coordinates"":[]}"
554,714.0,713,703.1466666666669,"{""type"":""MultiPoint"",""coordinates"":[]}"
555,433.3333333333333,430,429.23333333333335,"{""type"":""MultiPoint"",""coordinates"":[]}"
556,452.3333333333333,454,451.1949999999999,"{""type"":""MultiPoint"",""coordinates"":[]}"
557,637.0,645,644.6016666666668,"{""type"":""MultiPoint"",""coordinates"":[]}"
558,512.0,488,499.155,"{""type"":""MultiPoint"",""coordinates"":[]}"
559,513.0,517,516.1533333333334,"{""type"":""MultiPoint"",""coordinates"":[]}"
560,290.5,282,277.95,"{""type"":""MultiPoint"",""coordinates"":[]}"
561,646.6666666666666,639,648.0799999999999,"{""type"":""MultiPoint"",""coordinates"":[]}"
562,369.6666666666667,371,373.87333333333333,"{""type"":""MultiPoint"",""coordinates"":[]}"
563,541.0,542,523.0933333333335,"{""type"":""MultiPoint"",""coordinates"":[]}"
564,763.3333333333334,764,765.1933333333334,"{""type"":""MultiPoint"",""coordinates"":[]}"
565,0.0,0,1.1789673600609667,"{""type"":""MultiPoint"",""coordinates"":[]}"
566,392.5,393,398.36833333333334,"{""type"":""MultiPoint"",""coordinates"":[]}"
567,583.0,601,580.665,"{""type"":""MultiPoint"",""coordinates"":[]}"
568,0.0,0,1.1789673600609667,"{""type"":""MultiPoint"",""coordinates"":[]}"
569,777.0,767,786.0883333333333,"{""type"":""MultiPoint"",""coordinates"":[]}"
570,663.5,666,677.2583333333334,"{""type"":""MultiPoint"",""coordinates"":[]}"
571,420.6666666666667,437,437.05000000000007,"{""type"":""MultiPoint"",""coordinates"":[]}"
572,433.0,430,430.0333333333333,"{""type"":""MultiPoint"",""coordinates"":[]}"
573,506.0,505,520.1316666666667,"{""type"":""MultiPoint"",""coordinates"":[]}"
574,637.0,629,649.9233333333334,"{""type"":""MultiPoint"",""coordinates"":[]}"
575,445.6666666666667,440,435.1833333333332,"{""type"":""MultiPoint"",""coordinates"":[]}"
576,450.0,451,454.98333333333323,"{""type"":""MultiPoint"",""coordinates"":[]}"
577,443.5,438,447.54499999999985,"{""type"":""MultiPoint"",""coordinates"":[]}"
578,760.0,762,752.0800000000002,"{""type"":""MultiPoint"",""coordinates"":[]}"
579,564.0,581,579.5816666666666,"{""type"":""MultiPoint"",""coordinates"":[]}"
580,597.0,606,591.5949999999998,"{""type"":""MultiPoint"",""coordinates"":[]}"
581,0.0,0,1.1789673600609667,"{""type"":""MultiPoint"",""coordinates"":[]}"
582,605.3333333333334,606,589.13,"{""type"":""MultiPoint"",""coordinates"":[]}"
583,748.0,748,744.5366666666665,"{""type"":""MultiPoint"",""coordinates"":[]}"
584,491.3333333333333,491,501.48166666666674,"{""type"":""MultiPoint"",""coordinates"":[]}"
585,679.3333333333334,684,694.4233333333334,"{""type"":""MultiPoint"",""coordinates"":[]}"
586,0.0,0,1.1789673600609667,"{""type"":""MultiPoint"",""coordinates"":[]}"
587,543.0,537,547.9183333333334,"{""type"":""MultiPoint"",""coordinates"":[]}"
588,637.0,654,631.3133333333333,"{""type"":""MultiPoint"",""coordinates"":[]}"
589,361.6666666666667,372,374.7483333333333,"{""type"":""MultiPoint"",""coordinates"":[]}"
590,371.0,368,381.43499999999995,"{""type"":""MultiPoint"",""coordinates"":[]}"
591,392.0,388,390.4066666666667,"{""type"":""MultiPoint"",""coordinates"":[]}"
592,672.5,681,701.7116666666668,"{""type"":""MultiPoint"",""coordinates"":[]}"
593,420.5,421,401.7883333333332,"{""type"":""MultiPoint"",""coordinates"":[]}"
594,554.3333333333334,544,561.9766666666667,"{""type"":""MultiPoint"",""coordinates"":[]}"
595,608.0,612,599.2833333333332,"{""type"":""MultiPoint"",""coordinates"":[]}"
596,385.0,382,385.5383333333333,"{""type"":""MultiPoint"",""coordinates"":[]}"
597,386.0,392,396.6000000000001,"{""type"":""MultiPoint"",""coordinates"":[]}"
598,650.5,641,647.6133333333333,"{""type"":""MultiPoint"",""coordinates"":[]}"
599,456.6666666666667,455,470.42833333333357,"{""type"":""MultiPoint"",""coordinates"":[]}"
600,583.5,583,588.45,"{""type"":""MultiPoint"",""coordinates"":[]}"
601,641.0,639,643.5383333333334,"{""type"":""MultiPoint"",""coordinates"":[]}"
602,470.5,442,495.9033333333332,"{""type"":""MultiPoint"",""coordinates"":[]}"
603,728.0,729,738.5883333333333,"{""type"":""MultiPoint"",""coordinates"":[]}"
604,598.5,596,596.5583333333332,"{""type"":""MultiPoint"",""coordinates"":[]}"
605,482.6666666666667,483,464.7833333333334,"{""type"":""MultiPoint"",""coordinates"":[]}"
606,421.5,441,396.27333333333337,"{""type"":""MultiPoint"",""coordinates"":[]}"
607,657.3333333333334,656,660.3600000000001,"{""type"":""MultiPoint"",""coordinates"":[]}"
608,596.5,594,594.1666666666666,"{""type"":""MultiPoint"",""coordinates"":[]}"
609,816.0,827,799.3616666666667,"{""type"":""MultiPoint"",""coordinates"":[]}"
610,480.0,478,479.755,"{""type"":""MultiPoint"",""coordinates"":[]}"
611,528.6666666666666,534,516.5816666666666,"{""type"":""MultiPoint"",""coordinates"":[]}"
612,420.3333333333333,427,410.115,"{""type"":""MultiPoint"",""coordinates"":[]}"
613,488.0,481,488.3166666666667,"{""type"":""MultiPoint"",""coordinates"":[]}"
614,535.5,547,547.7516666666667,"{""type"":""MultiPoint"",""coordinates"":[]}"
615,463.3333333333333,462,467.1333333333334,"{""type"":""MultiPoint"",""coordinates"":[]}"
616,436.5,437,426.6116666666668,"{""type"":""MultiPoint"",""coordinates"":[]}"
617,435.6666666666667,434,439.06999999999994,"{""type"":""MultiPoint"",""coordinates"":[]}"
618,455.3333333333333,456,456.43499999999995,"{""type"":""MultiPoint"",""coordinates"":[]}"
619,655.3333333333334,656,653.1183333333335,"{""type"":""MultiPoint"",""coordinates"":[]}"
620,597.6666666666666,604,607.45,"{""type"":""MultiPoint"",""coordinates"":[]}"
621,676.5,671,680.6216666666667,"{""type"":""MultiPoint"",""coordinates"":[]}"
622,491.0,494,482.02166666666665,"{""type"":""MultiPoint"",""coordinates"":[]}"
623,398.5,397,391.76000000000005,"{""type"":""MultiPoint"",""coordinates"":[]}"
624,488.0,495,494.3950000000001,"{""type"":""MultiPoint"",""coordinates"":[]}"
625,685.5,676,658.4499999999998,"{""type"":""MultiPoint"",""coordinates"":[]}"
626,742.0,747,743.75,"{""type"":""MultiPoint"",""coordinates"":[]}"
627,676.0,681,687.7566666666667,"{""type"":""MultiPoint"",""coordinates"":[]}"
628,518.5,522,518.8183333333334,"{""type"":""MultiPoint"",""coordinates"":[]}"
629,513.5,513,522.9966666666667,"{""type"":""MultiPoint"",""coordinates"":[]}"
630,453.0,448,437.94500000000005,"{""type"":""MultiPoint"",""coordinates"":[]}"
631,730.0,726,717.0916666666665,"{""type"":""MultiPoint"",""coordinates"":[]}"
632,748.0,748,745.5033333333334,"{""type"":""MultiPoint"",""coordinates"":[]}"
633,693.0,698,688.4783333333331,"{""type"":""MultiPoint"",""coordinates"":[]}"
634,363.0,365,367.9233333333333,"{""type"":""MultiPoint"",""coordinates"":[]}"
635,629.0,626,624.54,"{""type"":""MultiPoint"",""coordinates"":[]}"
636,361.0,363,363.42166666666674,"{""type"":""MultiPoint"",""coordinates"":[]}"
637,545.5,547,561.2883333333332,"{""type"":""MultiPoint"",""coordinates"":[]}"
638,0.0,0,1.1789673600609667,"{""type"":""MultiPoint"",""coordinates"":[]}"
639,669.0,675,676.5800000000002,"{""type"":""MultiPoint"",""coordinates"":[]}"
640,628.3333333333334,636,650.5266666666666,"{""type"":""MultiPoint"",""coordinates"":[]}"
641,389.5,392,394.0233333333333,"{""type"":""MultiPoint"",""coordinates"":[]}"
642,464.0,464,470.35166666666663,"{""type"":""MultiPoint"",""coordinates"":[]}"
643,596.6666666666666,593,596.3833333333333,"{""type"":""MultiPoint"",""coordinates"":[]}"
644,290.5,299,272.8447381756756,"{""type"":""MultiPoint"",""coordinates"":[]}"
645,565.5,569,529.4700000000001,"{""type"":""MultiPoint"",""coordinates"":[]}"
646,750.0,750,751.0283333333333,"{""type"":""MultiPoint"",""coordinates"":[]}"
647,693.0,683,683.3866666666669,"{""type"":""MultiPoint"",""coordinates"":[]}"
648,613.6666666666666,616,606.99,"{""type"":""MultiPoint"",""coordinates"":[]}"
649,495.0,498,498.00333333333333,"{""type"":""MultiPoint"",""coordinates"":[]}"
650,520.0,529,524.0800000000003,"{""type"":""MultiPoint"",""coordinates"":[]}"
651,0.0,0,1.1789673600609667,"{""type"":""MultiPoint"",""coordinates"":[]}"
652,650.0,658,645.8366666666665,"{""type"":""MultiPoint"",""coordinates"":[]}"
653,431.5,438,428.12666666666667,"{""type"":""MultiPoint"",""coordinates"":[]}"
654,554.3333333333334,571,569.8699999999999,"{""type"":""MultiPoint"",""coordinates"":[]}"
655,567.0,565,558.1500000000002,"{""type"":""MultiPoint"",""coordinates"":[]}"
656,631.5,630,627.8833333333333,"{""type"":""MultiPoint"",""coordinates"":[]}"
657,420.6666666666667,417,429.6333333333332,"{""type"":""MultiPoint"",""coordinates"":[]}"
658,663.5,660,651.0283333333333,"{""type"":""MultiPoint"",""coordinates"":[]}"
659,751.0,744,751.2416666666669,"{""type"":""MultiPoint"",""coordinates"":[]}"
660,548.5,547,550.3916666666667,"{""type"":""MultiPoint"",""coordinates"":[]}"
661,541.0,531,553.9316666666666,"{""type"":""MultiPoint"",""coordinates"":[]}"
662,660.0,658,672.1233333333333,"{""type"":""MultiPoint"",""coordinates"":[]}"
663,28.5,57,103.5208016332439,"{""type"":""MultiPoint"",""coordinates"":[]}"
664,681.5,680,685.8266666666667,"{""type"":""MultiPoint"",""coordinates"":[]}"
665,426.5,430,433.20333333333326,"{""type"":""MultiPoint"",""coordinates"":[]}"
666,631.3333333333334,627,619.34,"{""type"":""MultiPoint"",""coordinates"":[]}"
667,375.0,376,369.0766666666667,"{""type"":""MultiPoint"",""coordinates"":[]}"
668,418.5,419,405.99333333333334,"{""type"":""MultiPoint"",""coordinates"":[]}"
669,361.0,360,359.3433333333334,"{""type"":""MultiPoint"",""coordinates"":[]}"
670,578.0,569,567.4216666666667,"{""type"":""MultiPoint"",""coordinates"":[]}"
671,427.5,419,419.08666666666664,"{""type"":""MultiPoint"",""coordinates"":[]}"
672,760.0,758,746.8300000000002,"{""type"":""MultiPoint"",""coordinates"":[]}"
673,446.0,445,465.4116666666667,"{""type"":""MultiPoint"",""coordinates"":[]}"
674,435.3333333333333,433,428.4566666666667,"{""type"":""MultiPoint"",""coordinates"":[]}"
675,398.0,394,399.9983333333333,"{""type"":""MultiPoint"",""coordinates"":[]}"
676,570.5,561,556.8566666666667,"{""type"":""MultiPoint"",""coordinates"":[]}"
677,417.0,421,420.75,"{""type"":""MultiPoint"",""coordinates"":[]}"
678,652.0,660,652.6783333333335,"{""type"":""MultiPoint"",""coordinates"":[]}"
679,723.0,721,722.1149999999999,"{""type"":""MultiPoint"",""coordinates"":[]}"
680,530.0,526,550.8516666666667,"{""type"":""MultiPoint"",""coordinates"":[]}"
681,0.0,0,1.1789673600609667,"{""type"":""MultiPoint"",""coordinates"":[]}"
682,593.3333333333334,560,606.165,"{""type"":""MultiPoint"",""coordinates"":[]}"
683,420.3333333333333,422,416.4866666666666,"{""type"":""MultiPoint"",""coordinates"":[]}"
684,641.0,643,637.5033333333333,"{""type"":""MultiPoint"",""coordinates"":[]}"
685,456.3333333333333,459,453.5366666666667,"{""type"":""MultiPoint"",""coordinates"":[]}"
686,653.0,655,660.3083333333334,"{""type"":""MultiPoint"",""coordinates"":[]}"
687,386.0,384,387.3949999999999,"{""type"":""MultiPoint"",""coordinates"":[]}"
688,711.5,704,693.0,"{""type"":""MultiPoint"",""coordinates"":[]}"
689,654.5,655,663.4233333333333,"{""type"":""MultiPoint"",""coordinates"":[]}"
690,633.3333333333334,625,626.4316666666666,"{""type"":""MultiPoint"",""coordinates"":[]}"
691,402.0,399,394.8783333333333,"{""type"":""MultiPoint"",""coordinates"":[]}"
692,580.6666666666666,575,590.18,"{""type"":""MultiPoint"",""coordinates"":[]}"
693,799.6666666666666,809,796.0599999999998,"{""type"":""MultiPoint"",""coordinates"":[]}"
694,401.0,401,404.23166666666674,"{""type"":""MultiPoint"",""coordinates"":[]}"
695,655.3333333333334,655,649.4999999999999,"{""type"":""MultiPoint"",""coordinates"":[]}"
696,452.3333333333333,450,444.8866666666667,"{""type"":""MultiPoint"",""coordinates"":[]}"
697,447.6666666666667,450,458.64833333333337,"{""type"":""MultiPoint"",""coordinates"":[]}"
698,414.5,413,417.8366666666668,"{""type"":""MultiPoint"",""coordinates"":[]}"
699,712.6666666666666,724,722.3266666666666,"{""type"":""MultiPoint"",""coordinates"":[]}"
700,420.5,413,407.0583333333333,"{""type"":""MultiPoint"",""coordinates"":[]}"
701,648.0,637,640.6783333333336,"{""type"":""MultiPoint"",""coordinates"":[]}"
702,376.0,373,372.3483333333332,"{""type"":""MultiPoint"",""coordinates"":[]}"
703,368.0,371,359.595,"{""type"":""MultiPoint"",""coordinates"":[]}"
704,453.0,448,434.75333333333344,"{""type"":""MultiPoint"",""coordinates"":[]}"
705,637.0,634,625.9599999999998,"{""type"":""MultiPoint"",""coordinates"":[]}"
706,580.0,578,575.9383333333333,"{""type"":""MultiPoint"",""coordinates"":[]}"
707,412.0,416,405.91333333333336,"{""type"":""MultiPoint"",""coordinates"":[]}"
708,662.3333333333334,662,658.7449999999999,"{""type"":""MultiPoint"",""coordinates"":[]}"
709,631.0,628,619.47,"{""type"":""MultiPoint"",""coordinates"":[]}"
710,679.3333333333334,682,699.37,"{""type"":""MultiPoint"",""coordinates"":[]}"
711,629.0,632,623.3666666666669,"{""type"":""MultiPoint"",""coordinates"":[]}"
712,691.3333333333334,694,690.8883333333331,"{""type"":""MultiPoint"",""coordinates"":[]}"
713,534.0,532,524.08,"{""type"":""MultiPoint"",""coordinates"":[]}"
714,703.0,706,701.8566666666667,"{""type"":""MultiPoint"",""coordinates"":[]}"
715,628.3333333333334,626,638.4316666666666,"{""type"":""MultiPoint"",""coordinates"":[]}"
716,472.0,468,476.5483333333333,"{""type"":""MultiPoint"",""coordinates"":[]}"
717,457.0,456,461.38166666666666,"{""type"":""MultiPoint"",""coordinates"":[]}"
718,567.0,569,563.6116666666667,"{""type"":""MultiPoint"",""coordinates"":[]}"
719,506.5,501,493.56666666666655,"{""type"":""MultiPoint"",""coordinates"":[]}"
720,677.0,674,669.8050000000002,"{""type"":""MultiPoint"",""coordinates"":[]}"
721,731.5,727,735.2866666666665,"{""type"":""MultiPoint"",""coordinates"":[]}"
722,711.6666666666666,713,708.455,"{""type"":""MultiPoint"",""coordinates"":[]}"
723,581.0,579,554.52,"{""type"":""MultiPoint"",""coordinates"":[]}"
724,425.0,426,421.0450000000001,"{""type"":""MultiPoint"",""coordinates"":[]}"
725,598.5,601,602.8383333333334,"{""type"":""MultiPoint"",""coordinates"":[]}"
726,467.0,470,467.355,"{""type"":""MultiPoint"",""coordinates"":[]}"
727,565.0,572,569.735,"{""type"":""MultiPoint"",""coordinates"":[]}"
728,405.5,407,418.16833333333335,"{""type"":""MultiPoint"",""coordinates"":[]}"
729,656.3333333333334,655,645.8483333333332,"{""type"":""MultiPoint"",""coordinates"":[]}"
730,140.5,132,156.6724650403358,"{""type"":""MultiPoint"",""coordinates"":[]}"
731,0.0,0,1.1789673600609667,"{""type"":""MultiPoint"",""coordinates"":[]}"
732,0.0,0,1.1789673600609667,"{""type"":""MultiPoint"",""coordinates"":[]}"
733,790.3333333333334,788,785.1283333333336,"{""type"":""MultiPoint"",""coordinates"":[]}"
734,565.0,558,564.2383333333333,"{""type"":""MultiPoint"",""coordinates"":[]}"
735,566.3333333333334,570,583.2116666666666,"{""type"":""MultiPoint"",""coordinates"":[]}"
736,533.6666666666666,531,536.35,"{""type"":""MultiPoint"",""coordinates"":[]}"
737,0.0,0,1.1789673600609667,"{""type"":""MultiPoint"",""coordinates"":[]}"
738,623.3333333333334,622,618.335,"{""type"":""MultiPoint"",""coordinates"":[]}"
739,711.6666666666666,707,721.245,"{""type"":""MultiPoint"",""coordinates"":[]}"
740,533.6666666666666,532,538.5383333333333,"{""type"":""MultiPoint"",""coordinates"":[]}"
741,392.0,396,392.755,"{""type"":""MultiPoint"",""coordinates"":[]}"
742,503.5,514,515.4066666666668,"{""type"":""MultiPoint"",""coordinates"":[]}"
743,452.3333333333333,453,445.7099999999999,"{""type"":""MultiPoint"",""coordinates"":[]}"
744,483.5,477,474.3916666666667,"{""type"":""MultiPoint"",""coordinates"":[]}"
745,553.5,563,543.3599999999999,"{""type"":""MultiPoint"",""coordinates"":[]}"
746,569.5,571,577.7266666666667,"{""type"":""MultiPoint"",""coordinates"":[]}"
747,572.5,568,568.905,"{""type"":""MultiPoint"",""coordinates"":[]}"
748,526.0,520,518.6783333333334,"{""type"":""MultiPoint"",""coordinates"":[]}"
749,361.0,360,365.68166666666673,"{""type"":""MultiPoint"",""coordinates"":[]}"
750,361.6666666666667,350,352.49,"{""type"":""MultiPoint"",""coordinates"":[]}"
751,485.5,486,516.385,"{""type"":""MultiPoint"",""coordinates"":[]}"
752,790.3333333333334,791,795.6666666666665,"{""type"":""MultiPoint"",""coordinates"":[]}"
753,0.0,0,1.1789673600609667,"{""type"":""MultiPoint"",""coordinates"":[]}"
754,473.6666666666667,470,472.92666666666656,"{""type"":""MultiPoint"",""coordinates"":[]}"
755,423.0,428,407.69,"{""type"":""MultiPoint"",""coordinates"":[]}"
756,415.0,413,414.0966666666667,"{""type"":""MultiPoint"",""coordinates"":[]}"
757,0.0,0,1.1789673600609667,"{""type"":""MultiPoint"",""coordinates"":[]}"
758,681.3333333333334,686,684.2,"{""type"":""MultiPoint"",""coordinates"":[]}"
759,390.3333333333333,394,402.10333333333324,"{""type"":""MultiPoint"",""coordinates"":[]}"
760,398.0,402,400.9033333333333,"{""type"":""MultiPoint"",""coordinates"":[]}"
761,463.3333333333333,460,469.35333333333335,"{""type"":""MultiPoint"",""coordinates"":[]}"
762,437.6666666666667,443,443.7049999999999,"{""type"":""MultiPoint"",""coordinates"":[]}"
763,398.0,400,400.9783333333333,"{""type"":""MultiPoint"",""coordinates"":[]}"
764,630.6666666666666,630,640.5466666666666,"{""type"":""MultiPoint"",""coordinates"":[]}"
765,353.3333333333333,357,357.2416666666668,"{""type"":""MultiPoint"",""coordinates"":[]}"
766,480.0,479,481.0533333333333,"{""type"":""MultiPoint"",""coordinates"":[]}"
767,420.0,418,407.21666666666664,"{""type"":""MultiPoint"",""coordinates"":[]}"
768,717.5,708,722.0033333333333,"{""type"":""MultiPoint"",""coordinates"":[]}"
769,535.0,538,530.8933333333333,"{""type"":""MultiPoint"",""coordinates"":[]}"
770,405.3333333333333,406,406.435,"{""type"":""MultiPoint"",""coordinates"":[]}"
771,638.0,634,637.5416666666667,"{""type"":""MultiPoint"",""coordinates"":[]}"
772,658.5,658,662.0299999999999,"{""type"":""MultiPoint"",""coordinates"":[]}"
773,517.0,516,495.4033333333334,"{""type"":""MultiPoint"",""coordinates"":[]}"
774,467.0,466,459.24166666666656,"{""type"":""MultiPoint"",""coordinates"":[]}"
775,507.0,507,490.43833333333333,"{""type"":""MultiPoint"",""coordinates"":[]}"
776,426.5,423,437.7966666666666,"{""type"":""MultiPoint"",""coordinates"":[]}"
777,597.0,603,598.4599999999999,"{""type"":""MultiPoint"",""coordinates"":[]}"
778,0.0,0,1.1789673600609667,"{""type"":""MultiPoint"",""coordinates"":[]}"
779,700.0,697,672.8433333333332,"{""type"":""MultiPoint"",""coordinates"":[]}"
780,455.3333333333333,450,460.24999999999994,"{""type"":""MultiPoint"",""coordinates"":[]}"
781,368.5,369,370.185,"{""type"":""MultiPoint"",""coordinates"":[]}"
782,474.5,481,486.8183333333334,"{""type"":""MultiPoint"",""coordinates"":[]}"
783,409.5,412,401.05666666666656,"{""type"":""MultiPoint"",""coordinates"":[]}"
784,405.5,404,419.8866666666667,"{""type"":""MultiPoint"",""coordinates"":[]}"
785,723.0,725,722.9616666666668,"{""type"":""MultiPoint"",""coordinates"":[]}"
786,564.0,563,558.425,"{""type"":""MultiPoint"",""coordinates"":[]}"
787,0.0,0,1.1789673600609667,"{""type"":""MultiPoint"",""coordinates"":[]}"
788,520.0,521,525.2383333333335,"{""type"":""MultiPoint"",""coordinates"":[]}"
789,508.5,500,524.6916666666666,"{""type"":""MultiPoint"",""coordinates"":[]}"
790,451.5,468,452.67666666666673,"{""type"":""MultiPoint"",""coordinates"":[]}"
791,553.5,544,527.1033333333335,"{""type"":""MultiPoint"",""coordinates"":[]}"
792,505.0,510,508.26000000000005,"{""type"":""MultiPoint"",""coordinates"":[]}"
793,555.3333333333334,550,557.2416666666667,"{""type"":""MultiPoint"",""coordinates"":[]}"
794,751.0,758,747.4283333333334,"{""type"":""MultiPoint"",""coordinates"":[]}"
795,568.0,576,550.7383333333332,"{""type"":""MultiPoint"",""coordinates"":[]}"
796,415.0,412,412.68,"{""type"":""MultiPoint"",""coordinates"":[]}"
797,544.5,527,529.2633333333334,"{""type"":""MultiPoint"",""coordinates"":[]}"
798,402.5,409,401.7466666666667,"{""type"":""MultiPoint"",""coordinates"":[]}"
799,751.3333333333334,749,746.5799999999998,"{""type"":""MultiPoint"",""coordinates"":[]}"
800,605.3333333333334,615,595.1016666666667,"{""type"":""MultiPoint"",""coordinates"":[]}"
801,735.0,733,741.0116666666665,"{""type"":""MultiPoint"",""coordinates"":[]}"
802,550.6666666666666,548,536.84,"{""type"":""MultiPoint"",""coordinates"":[]}"
803,507.0,510,492.6683333333335,"{""type"":""MultiPoint"",""coordinates"":[]}"
804,741.5,745,744.9366666666666,"{""type"":""MultiPoint"",""coordinates"":[]}"
805,659.0,652,649.9283333333333,"{""type"":""MultiPoint"",""coordinates"":[]}"
806,651.5,644,657.6499999999999,"{""type"":""MultiPoint"",""coordinates"":[]}"
807,642.0,646,625.3616666666667,"{""type"":""MultiPoint"",""coordinates"":[]}"
808,523.0,521,546.2750000000001,"{""type"":""MultiPoint"",""coordinates"":[]}"
809,473.6666666666667,479,470.6466666666667,"{""type"":""MultiPoint"",""coordinates"":[]}"
810,533.6666666666666,538,540.6633333333333,"{""type"":""MultiPoint"",""coordinates"":[]}"
811,711.5,719,697.6866666666667,"{""type"":""MultiPoint"",""coordinates"":[]}"
812,484.0,489,492.585,"{""type"":""MultiPoint"",""coordinates"":[]}"
813,510.6666666666667,513,508.06666666666655,"{""type"":""MultiPoint"",""coordinates"":[]}"
814,0.0,0,1.1789673600609667,"{""type"":""MultiPoint"",""coordinates"":[]}"
815,535.0,532,540.7916666666666,"{""type"":""MultiPoint"",""coordinates"":[]}"
816,398.0,399,401.2199999999999,"{""type"":""MultiPoint"",""coordinates"":[]}"
817,0.0,0,1.1789673600609667,"{""type"":""MultiPoint"",""coordinates"":[]}"
818,425.3333333333333,421,411.7566666666667,"{""type"":""MultiPoint"",""coordinates"":[]}"
819,741.0,738,737.9816666666669,"{""type"":""MultiPoint"",""coordinates"":[]}"
820,481.3333333333333,483,470.4866666666666,"{""type"":""MultiPoint"",""coordinates"":[]}"
821,428.6666666666667,437,437.2966666666665,"{""type"":""MultiPoint"",""coordinates"":[]}"
822,444.0,448,465.3149999999998,"{""type"":""MultiPoint"",""coordinates"":[]}"
823,642.0,638,631.9083333333334,"{""type"":""MultiPoint"",""coordinates"":[]}"
824,360.0,364,368.36499999999995,"{""type"":""MultiPoint"",""coordinates"":[]}"
825,689.3333333333334,694,688.8933333333334,"{""type"":""MultiPoint"",""coordinates"":[]}"
826,640.6666666666666,638,633.1816666666667,"{""type"":""MultiPoint"",""coordinates"":[]}"
827,444.5,444,434.7616666666665,"{""type"":""MultiPoint"",""coordinates"":[]}"
828,0.0,0,1.1789673600609667,"{""type"":""MultiPoint"",""coordinates"":[]}"
829,421.0,414,418.8666666666666,"{""type"":""MultiPoint"",""coordinates"":[]}"
830,581.0,583,566.46,"{""type"":""MultiPoint"",""coordinates"":[]}"
831,386.0,380,392.22333333333336,"{""type"":""MultiPoint"",""coordinates"":[]}"
832,449.0,454,451.95166666666665,"{""type"":""MultiPoint"",""coordinates"":[]}"
833,538.0,528,509.13999999999993,"{""type"":""MultiPoint"",""coordinates"":[]}"
834,450.0,451,452.2816666666667,"{""type"":""MultiPoint"",""coordinates"":[]}"
835,717.5,727,724.9316666666667,"{""type"":""MultiPoint"",""coordinates"":[]}"
836,262.0,277,333.7816666666666,"{""type"":""MultiPoint"",""coordinates"":[]}"
837,568.0,565,545.7866666666666,"{""type"":""MultiPoint"",""coordinates"":[]}"
838,500.5,496,499.10833333333335,"{""type"":""MultiPoint"",""coordinates"":[]}"
839,506.0,507,517.8466666666665,"{""type"":""MultiPoint"",""coordinates"":[]}"
840,523.0,525,538.4216666666666,"{""type"":""MultiPoint"",""coordinates"":[]}"
841,455.0,432,437.12666666666667,"{""type"":""MultiPoint"",""coordinates"":[]}"
842,0.0,0,1.1789673600609667,"{""type"":""MultiPoint"",""coordinates"":[]}"
843,711.6666666666666,711,708.4199999999998,"{""type"":""MultiPoint"",""coordinates"":[]}"
844,657.0,667,652.935,"{""type"":""MultiPoint"",""coordinates"":[]}"
845,492.5,477,474.83333333333337,"{""type"":""MultiPoint"",""coordinates"":[]}"
846,422.0,417,437.7383333333335,"{""type"":""MultiPoint"",""coordinates"":[]}"
847,368.0,365,356.01,"{""type"":""MultiPoint"",""coordinates"":[]}"
848,720.0,728,715.1683333333332,"{""type"":""MultiPoint"",""coordinates"":[]}"
849,447.6666666666667,447,456.8316666666667,"{""type"":""MultiPoint"",""coordinates"":[]}"
850,382.3333333333333,373,396.74499999999995,"{""type"":""MultiPoint"",""coordinates"":[]}"
851,554.3333333333334,548,572.6166666666667,"{""type"":""MultiPoint"",""coordinates"":[]}"
852,584.6666666666666,585,589.0383333333332,"{""type"":""MultiPoint"",""coordinates"":[]}"
853,480.0,483,482.38999999999993,"{""type"":""MultiPoint"",""coordinates"":[]}"
854,520.0,518,514.1316666666665,"{""type"":""MultiPoint"",""coordinates"":[]}"
855,676.5,682,681.8600000000002,"{""type"":""MultiPoint"",""coordinates"":[]}"
856,428.6666666666667,424,430.4216666666666,"{""type"":""MultiPoint"",""coordinates"":[]}"
857,441.0,442,432.73333333333335,"{""type"":""MultiPoint"",""coordinates"":[]}"
858,776.6666666666666,779,769.6083333333336,"{""type"":""MultiPoint"",""coordinates"":[]}"
859,505.0,490,502.4516666666666,"{""type"":""MultiPoint"",""coordinates"":[]}"
860,670.3333333333334,667,666.8066666666667,"{""type"":""MultiPoint"",""coordinates"":[]}"
861,741.0,744,732.2666666666669,"{""type"":""MultiPoint"",""coordinates"":[]}"
862,522.5,524,513.0066666666665,"{""type"":""MultiPoint"",""coordinates"":[]}"
863,457.0,452,457.13500000000005,"{""type"":""MultiPoint"",""coordinates"":[]}"
864,546.5,553,541.615,"{""type"":""MultiPoint"",""coordinates"":[]}"
865,472.0,470,458.61166666666674,"{""type"":""MultiPoint"",""coordinates"":[]}"
866,390.3333333333333,393,401.5533333333333,"{""type"":""MultiPoint"",""coordinates"":[]}"
867,633.0,630,635.7016666666668,"{""type"":""MultiPoint"",""coordinates"":[]}"
868,444.0,437,456.7466666666667,"{""type"":""MultiPoint"",""coordinates"":[]}"
869,369.6666666666667,371,367.31499999999994,"{""type"":""MultiPoint"",""coordinates"":[]}"
870,611.3333333333334,603,627.9016666666666,"{""type"":""MultiPoint"",""coordinates"":[]}"
871,490.0,477,490.8116666666667,"{""type"":""MultiPoint"",""coordinates"":[]}"
872,510.6666666666667,516,502.0466666666666,"{""type"":""MultiPoint"",""coordinates"":[]}"
873,472.0,469,468.62,"{""type"":""MultiPoint"",""coordinates"":[]}"
874,0.0,0,1.1789673600609667,"{""type"":""MultiPoint"",""coordinates"":[]}"
875,418.0,414,422.72333333333336,"{""type"":""MultiPoint"",""coordinates"":[]}"
876,703.0,692,697.1533333333333,"{""type"":""MultiPoint"",""coordinates"":[]}"
877,528.6666666666666,528,525.3149999999999,"{""type"":""MultiPoint"",""coordinates"":[]}"
878,799.6666666666666,797,791.7916666666667,"{""type"":""MultiPoint"",""coordinates"":[]}"
879,407.5,411,413.9000000000001,"{""type"":""MultiPoint"",""coordinates"":[]}"
880,456.6666666666667,454,471.8316666666669,"{""type"":""MultiPoint"",""coordinates"":[]}"
881,455.0,453,447.96833333333336,"{""type"":""MultiPoint"",""coordinates"":[]}"
882,537.5,547,552.0050000000001,"{""type"":""MultiPoint"",""coordinates"":[]}"
883,611.3333333333334,613,609.4683333333334,"{""type"":""MultiPoint"",""coordinates"":[]}"
884,682.0,681,675.3566666666666,"{""type"":""MultiPoint"",""coordinates"":[]}"
885,512.0,536,498.38,"{""type"":""MultiPoint"",""coordinates"":[]}"
886,0.0,0,1.1789673600609667,"{""type"":""MultiPoint"",""coordinates"":[]}"
887,616.0,607,612.9566666666667,"{""type"":""MultiPoint"",""coordinates"":[]}"
888,407.5,409,405.5466666666666,"{""type"":""MultiPoint"",""coordinates"":[]}"
889,734.0,736,737.4400000000002,"{""type"":""MultiPoint"",""coordinates"":[]}"
890,389.5,387,396.36833333333334,"{""type"":""MultiPoint"",""coordinates"":[]}"
891,430.0,429,432.7149999999999,"{""type"":""MultiPoint"",""coordinates"":[]}"
892,446.0,444,450.1583333333334,"{""type"":""MultiPoint"",""coordinates"":[]}"
893,561.0,565,555.745,"{""type"":""MultiPoint"",""coordinates"":[]}"
894,368.6666666666667,375,365.72333333333336,"{""type"":""MultiPoint"",""coordinates"":[]}"
895,613.6666666666666,616,611.905,"{""type"":""MultiPoint"",""coordinates"":[]}"
896,525.0,525,532.0483333333334,"{""type"":""MultiPoint"",""coordinates"":[]}"
897,579.5,579,570.02,"{""type"":""MultiPoint"",""coordinates"":[]}"
898,618.0,627,635.3183333333333,"{""type"":""MultiPoint"",""coordinates"":[]}"
899,751.3333333333334,756,742.2916666666665,"{""type"":""MultiPoint"",""coordinates"":[]}"
900,730.0,729,730.4183333333333,"{""type"":""MultiPoint"",""coordinates"":[]}"
901,201.5,205,213.1638040236337,"{""type"":""MultiPoint"",""coordinates"":[]}"
902,682.0,683,672.6333333333333,"{""type"":""MultiPoint"",""coordinates"":[]}"
903,741.5,738,740.6966666666667,"{""type"":""MultiPoint"",""coordinates"":[]}"
904,535.5,524,545.7366666666667,"{""type"":""MultiPoint"",""coordinates"":[]}"
905,484.0,483,488.0066666666667,"{""type"":""MultiPoint"",""coordinates"":[]}"
906,450.0,448,456.81,"{""type"":""MultiPoint"",""coordinates"":[]}"
907,374.5,372,389.38833333333326,"{""type"":""MultiPoint"",""coordinates"":[]}"
908,517.0,505,508.45999999999987,"{""type"":""MultiPoint"",""coordinates"":[]}"
909,548.5,551,537.405,"{""type"":""MultiPoint"",""coordinates"":[]}"
910,0.0,0,1.1789673600609667,"{""type"":""MultiPoint"",""coordinates"":[]}"
911,611.3333333333334,617,633.1766666666668,"{""type"":""MultiPoint"",""coordinates"":[]}"
912,689.3333333333334,688,683.8583333333336,"{""type"":""MultiPoint"",""coordinates"":[]}"
913,750.0,750,747.6766666666666,"{""type"":""MultiPoint"",""coordinates"":[]}"
914,469.6666666666667,478,466.3349999999999,"{""type"":""MultiPoint"",""coordinates"":[]}"
915,474.5,469,484.7,"{""type"":""MultiPoint"",""coordinates"":[]}"
916,377.5,375,379.3783333333332,"{""type"":""MultiPoint"",""coordinates"":[]}"
917,642.0,647,636.4383333333332,"{""type"":""MultiPoint"",""coordinates"":[]}"
918,608.6666666666666,599,595.9766666666666,"{""type"":""MultiPoint"",""coordinates"":[]}"
919,530.0,534,555.0533333333333,"{""type"":""MultiPoint"",""coordinates"":[]}"
920,751.3333333333334,749,742.3816666666665,"{""type"":""MultiPoint"",""coordinates"":[]}"
921,670.3333333333334,667,670.615,"{""type"":""MultiPoint"",""coordinates"":[]}"
922,399.5,399,403.5200000000001,"{""type"":""MultiPoint"",""coordinates"":[]}"
923,631.3333333333334,635,623.7983333333334,"{""type"":""MultiPoint"",""coordinates"":[]}"
924,385.0,388,385.72166666666664,"{""type"":""MultiPoint"",""coordinates"":[]}"
925,776.6666666666666,774,774.1600000000002,"{""type"":""MultiPoint"",""coordinates"":[]}"
926,687.0,694,682.9333333333333,"{""type"":""MultiPoint"",""coordinates"":[]}"
927,693.0,698,686.1233333333333,"{""type"":""MultiPoint"",""coordinates"":[]}"
928,479.0,476,469.435,"{""type"":""MultiPoint"",""coordinates"":[]}"
929,681.0,670,697.7183333333335,"{""type"":""MultiPoint"",""coordinates"":[]}"
930,424.0,418,428.0899999999999,"{""type"":""MultiPoint"",""coordinates"":[]}"
931,666.0,664,666.61,"{""type"":""MultiPoint"",""coordinates"":[]}"
932,617.0,619,609.2433333333333,"{""type"":""MultiPoint"",""coordinates"":[]}"
933,585.5,591,591.1683333333334,"{""type"":""MultiPoint"",""coordinates"":[]}"
934,445.6666666666667,442,438.42833333333334,"{""type"":""MultiPoint"",""coordinates"":[]}"
935,488.0,483,488.05833333333334,"{""type"":""MultiPoint"",""coordinates"":[]}"
936,726.5,723,717.3566666666667,"{""type"":""MultiPoint"",""coordinates"":[]}"
937,472.0,465,456.6533333333333,"{""type"":""MultiPoint"",""coordinates"":[]}"
938,492.5,508,481.30333333333334,"{""type"":""MultiPoint"",""coordinates"":[]}"
939,422.0,427,430.8666666666666,"{""type"":""MultiPoint"",""coordinates"":[]}"
940,421.0,420,421.8216666666668,"{""type"":""MultiPoint"",""coordinates"":[]}"
941,608.0,604,591.4633333333334,"{""type"":""MultiPoint"",""coordinates"":[]}"
942,377.0,375,383.4233333333333,"{""type"":""MultiPoint"",""coordinates"":[]}"
943,631.0,634,613.6733333333335,"{""type"":""MultiPoint"",""coordinates"":[]}"
944,735.0,737,739.6966666666666,"{""type"":""MultiPoint"",""coordinates"":[]}"
945,735.5,735,733.2116666666667,"{""type"":""MultiPoint"",""coordinates"":[]}"
946,406.0,407,411.82500000000005,"{""type"":""MultiPoint"",""coordinates"":[]}"
947,598.5,605,605.3483333333332,"{""type"":""MultiPoint"",""coordinates"":[]}"
948,355.3333333333333,350,362.73999999999995,"{""type"":""MultiPoint"",""coordinates"":[]}"
949,474.3333333333333,475,471.86666666666673,"{""type"":""MultiPoint"",""coordinates"":[]}"
950,435.6666666666667,438,440.48166666666674,"{""type"":""MultiPoint"",""coordinates"":[]}"
951,650.5,660,647.6249999999999,"{""type"":""MultiPoint"",""coordinates"":[]}"
952,430.5,434,427.78,"{""type"":""MultiPoint"",""coordinates"":[]}"
953,799.6666666666666,793,790.8716666666666,"{""type"":""MultiPoint"",""coordinates"":[]}"
954,408.5,407,407.95666666666665,"{""type"":""MultiPoint"",""coordinates"":[]}"
955,469.6666666666667,466,463.18999999999994,"{""type"":""MultiPoint"",""coordinates"":[]}"
956,0.0,0,1.1789673600609667,"{""type"":""MultiPoint"",""coordinates"":[]}"
957,457.0,462,448.02166666666676,"{""type"":""MultiPoint"",""coordinates"":[]}"
958,612.5,598,636.9716666666666,"{""type"":""MultiPoint"",""coordinates"":[]}"
959,445.6666666666667,455,434.8599999999999,"{""type"":""MultiPoint"",""coordinates"":[]}"
960,580.0,588,579.0366666666666,"{""type"":""MultiPoint"",""coordinates"":[]}"
961,734.0,732,741.4716666666667,"{""type"":""MultiPoint"",""coordinates"":[]}"
962,353.3333333333333,348,353.0316666666667,"{""type"":""MultiPoint"",""coordinates"":[]}"
963,577.0,578,601.2800000000001,"{""type"":""MultiPoint"",""coordinates"":[]}"
964,339.0,336,338.1016666666667,"{""type"":""MultiPoint"",""coordinates"":[]}"
965,678.5,676,661.675,"{""type"":""MultiPoint"",""coordinates"":[]}"
966,359.0,350,377.67166666666674,"{""type"":""MultiPoint"",""coordinates"":[]}"
967,464.0,464,472.71166666666664,"{""type"":""MultiPoint"",""coordinates"":[]}"
968,456.3333333333333,455,449.165,"{""type"":""MultiPoint"",""coordinates"":[]}"
969,678.5,681,665.7116666666666,"{""type"":""MultiPoint"",""coordinates"":[]}"
970,424.5,419,423.3516666666667,"{""type"":""MultiPoint"",""coordinates"":[]}"
971,462.5,471,456.43833333333345,"{""type"":""MultiPoint"",""coordinates"":[]}"
972,483.5,490,474.68,"{""type"":""MultiPoint"",""coordinates"":[]}"
973,516.0,513,528.9,"{""type"":""MultiPoint"",""coordinates"":[]}"
974,405.3333333333333,397,401.85666666666674,"{""type"":""MultiPoint"",""coordinates"":[]}"
975,391.5,392,398.19500000000005,"{""type"":""MultiPoint"",""coordinates"":[]}"
976,262.0,247,298.34,"{""type"":""MultiPoint"",""coordinates"":[]}"
977,556.6666666666666,558,562.5099999999999,"{""type"":""MultiPoint"",""coordinates"":[]}"
978,444.0,447,464.5866666666667,"{""type"":""MultiPoint"",""coordinates"":[]}"
979,711.6666666666666,714,720.3916666666668,"{""type"":""MultiPoint"",""coordinates"":[]}"
980,777.0,787,784.3250000000002,"{""type"":""MultiPoint"",""coordinates"":[]}"
981,645.5,647,640.5233333333333,"{""type"":""MultiPoint"",""coordinates"":[]}"
982,0.0,0,1.1789673600609667,"{""type"":""MultiPoint"",""coordinates"":[]}"
983,525.0,524,519.2783333333333,"{""type"":""MultiPoint"",""coordinates"":[]}"
984,555.3333333333334,560,554.6100000000001,"{""type"":""MultiPoint"",""coordinates"":[]}"
985,616.0,624,614.5816666666667,"{""type"":""MultiPoint"",""coordinates"":[]}"
986,0.0,0,1.1789673600609667,"{""type"":""MultiPoint"",""coordinates"":[]}"
987,350.5,350,359.30666666666673,"{""type"":""MultiPoint"",""coordinates"":[]}"
988,526.0,541,530.025,"{""type"":""MultiPoint"",""coordinates"":[]}"
989,790.3333333333334,792,787.5216666666669,"{""type"":""MultiPoint"",""coordinates"":[]}"
990,545.5,544,551.355,"{""type"":""MultiPoint"",""coordinates"":[]}"
991,489.0,495,493.22,"{""type"":""MultiPoint"",""coordinates"":[]}"
992,435.0,433,436.7816666666667,"{""type"":""MultiPoint"",""coordinates"":[]}"
993,663.5,667,651.4816666666667,"{""type"":""MultiPoint"",""coordinates"":[]}"
994,648.0,659,638.8066666666668,"{""type"":""MultiPoint"",""coordinates"":[]}"
995,398.5,400,396.62333333333345,"{""type"":""MultiPoint"",""coordinates"":[]}"
996,455.5,465,460.70166666666665,"{""type"":""MultiPoint"",""coordinates"":[]}"
997,0.0,0,1.1789673600609667,"{""type"":""MultiPoint"",""coordinates"":[]}"
998,613.6666666666666,609,601.8899999999999,"{""type"":""MultiPoint"",""coordinates"":[]}"
999,401.0,401,404.57333333333327,"{""type"":""MultiPoint"",""coordinates"":[]}"
