system:index,cart_estimatefAPAR,estimatefAPAR,rf_estimatefAPAR,.geo
1003,737.5,744,726.5924305555557,"{""type"":""MultiPoint"",""coordinates"":[]}"
1004,789.0,791,785.9580757575757,"{""type"":""MultiPoint"",""coordinates"":[]}"
1005,669.3333333333334,705,651.5303492063491,"{""type"":""MultiPoint"",""coordinates"":[]}"
1006,715.5,720,704.307880952381,"{""type"":""MultiPoint"",""coordinates"":[]}"
1007,821.0,819,815.5629999999999,"{""type"":""MultiPoint"",""coordinates"":[]}"
1008,237.0,223,244.88089999999997,"{""type"":""MultiPoint"",""coordinates"":[]}"
1009,661.3333333333334,626,654.8431746031748,"{""type"":""MultiPoint"",""coordinates"":[]}"
1010,694.5,705,671.2213730158729,"{""type"":""MultiPoint"",""coordinates"":[]}"
1011,590.5,527,540.3507575757577,"{""type"":""MultiPoint"",""coordinates"":[]}"
1012,708.5,731,717.1066200854702,"{""type"":""MultiPoint"",""coordinates"":[]}"
1014,547.0,506,537.0972072726382,"{""type"":""MultiPoint"",""coordinates"":[]}"
1015,865.0,867,869.0441666666667,"{""type"":""MultiPoint"",""coordinates"":[]}"
1016,445.5,478,460.5156111111111,"{""type"":""MultiPoint"",""coordinates"":[]}"
1017,0.0,0,0.028216399075293355,"{""type"":""MultiPoint"",""coordinates"":[]}"
1018,713.3333333333334,747,697.1621212121213,"{""type"":""MultiPoint"",""coordinates"":[]}"
1019,764.0,799,777.3540158730158,"{""type"":""MultiPoint"",""coordinates"":[]}"
1020,732.5,705,720.9044978632478,"{""type"":""MultiPoint"",""coordinates"":[]}"
1021,789.0,810,792.054416666667,"{""type"":""MultiPoint"",""coordinates"":[]}"
1022,0.0,0,0.028216399075293355,"{""type"":""MultiPoint"",""coordinates"":[]}"
1023,663.5,699,660.43386002886,"{""type"":""MultiPoint"",""coordinates"":[]}"
1024,0.0,0,0.028216399075293355,"{""type"":""MultiPoint"",""coordinates"":[]}"
1025,665.5,698,671.9320066833749,"{""type"":""MultiPoint"",""coordinates"":[]}"
1026,592.0,641,617.200142857143,"{""type"":""MultiPoint"",""coordinates"":[]}"
1027,0.0,0,0.028216399075293355,"{""type"":""MultiPoint"",""coordinates"":[]}"
1028,0.0,0,0.028216399075293355,"{""type"":""MultiPoint"",""coordinates"":[]}"
1029,758.0,768,773.002409090909,"{""type"":""MultiPoint"",""coordinates"":[]}"
1030,801.0,792,795.8155519480522,"{""type"":""MultiPoint"",""coordinates"":[]}"
1031,747.3333333333334,756,751.139049155146,"{""type"":""MultiPoint"",""coordinates"":[]}"
1032,636.5,621,659.1700912975913,"{""type"":""MultiPoint"",""coordinates"":[]}"
1033,723.5,710,730.0095476190477,"{""type"":""MultiPoint"",""coordinates"":[]}"
1034,827.3333333333334,838,836.8683333333333,"{""type"":""MultiPoint"",""coordinates"":[]}"
1035,701.6666666666666,682,685.1772928571429,"{""type"":""MultiPoint"",""coordinates"":[]}"
1036,0.0,0,0.028216399075293355,"{""type"":""MultiPoint"",""coordinates"":[]}"
1037,0.0,0,0.028216399075293355,"{""type"":""MultiPoint"",""coordinates"":[]}"
1038,485.5,490,465.93432142857137,"{""type"":""MultiPoint"",""coordinates"":[]}"
1039,776.3333333333334,753,772.4805158730159,"{""type"":""MultiPoint"",""coordinates"":[]}"
1040,638.0,576,617.3626666666664,"{""type"":""MultiPoint"",""coordinates"":[]}"
1041,0.0,0,0.028216399075293355,"{""type"":""MultiPoint"",""coordinates"":[]}"
1042,0.0,0,0.028216399075293355,"{""type"":""MultiPoint"",""coordinates"":[]}"
1043,0.0,0,0.028216399075293355,"{""type"":""MultiPoint"",""coordinates"":[]}"
1044,0.0,0,0.028216399075293355,"{""type"":""MultiPoint"",""coordinates"":[]}"
1045,750.0,738,727.2658475723623,"{""type"":""MultiPoint"",""coordinates"":[]}"
1046,552.0,555,551.7270476190477,"{""type"":""MultiPoint"",""coordinates"":[]}"
1047,849.5,865,836.7191666666665,"{""type"":""MultiPoint"",""coordinates"":[]}"
1048,0.0,0,0.028216399075293355,"{""type"":""MultiPoint"",""coordinates"":[]}"
1049,760.5,744,743.6432087912087,"{""type"":""MultiPoint"",""coordinates"":[]}"
1050,537.5,563,534.1446082251081,"{""type"":""MultiPoint"",""coordinates"":[]}"
1051,793.6666666666666,755,791.4032086834734,"{""type"":""MultiPoint"",""coordinates"":[]}"
1052,633.0,586,622.8705476190476,"{""type"":""MultiPoint"",""coordinates"":[]}"
1053,801.0,813,801.0555519480522,"{""type"":""MultiPoint"",""coordinates"":[]}"
1054,711.0,650,641.9488333333335,"{""type"":""MultiPoint"",""coordinates"":[]}"
1055,0.0,0,0.028216399075293355,"{""type"":""MultiPoint"",""coordinates"":[]}"
1056,557.3333333333334,521,547.7268809523808,"{""type"":""MultiPoint"",""coordinates"":[]}"
1057,738.0,723,743.2762717381187,"{""type"":""MultiPoint"",""coordinates"":[]}"
1058,554.0,553,593.4319231384719,"{""type"":""MultiPoint"",""coordinates"":[]}"
1059,0.0,0,0.028216399075293355,"{""type"":""MultiPoint"",""coordinates"":[]}"
1060,712.3333333333334,725,706.491972222222,"{""type"":""MultiPoint"",""coordinates"":[]}"
1061,422.5,347,380.4498481240982,"{""type"":""MultiPoint"",""coordinates"":[]}"
1062,745.5,801,760.8021915584412,"{""type"":""MultiPoint"",""coordinates"":[]}"
1063,780.5,767,773.7144999999999,"{""type"":""MultiPoint"",""coordinates"":[]}"
1064,667.0,657,659.9035912975912,"{""type"":""MultiPoint"",""coordinates"":[]}"
1065,691.5,682,697.4141940836939,"{""type"":""MultiPoint"",""coordinates"":[]}"
1066,0.0,0,0.028216399075293355,"{""type"":""MultiPoint"",""coordinates"":[]}"
1067,594.5,636,613.2339642857144,"{""type"":""MultiPoint"",""coordinates"":[]}"
1068,777.5,780,782.6301868686867,"{""type"":""MultiPoint"",""coordinates"":[]}"
1069,0.0,0,0.028216399075293355,"{""type"":""MultiPoint"",""coordinates"":[]}"
1070,791.0,783,782.9765757575756,"{""type"":""MultiPoint"",""coordinates"":[]}"
1071,0.0,0,0.028216399075293355,"{""type"":""MultiPoint"",""coordinates"":[]}"
1072,0.0,0,0.028216399075293355,"{""type"":""MultiPoint"",""coordinates"":[]}"
1073,0.0,0,0.028216399075293355,"{""type"":""MultiPoint"",""coordinates"":[]}"
1074,719.6666666666666,689,713.1805616050615,"{""type"":""MultiPoint"",""coordinates"":[]}"
1075,0.0,0,0.028216399075293355,"{""type"":""MultiPoint"",""coordinates"":[]}"
1076,778.0,767,760.4985058651025,"{""type"":""MultiPoint"",""coordinates"":[]}"
1077,520.5,537,544.8341160027969,"{""type"":""MultiPoint"",""coordinates"":[]}"
1078,708.0,681,695.3213619503305,"{""type"":""MultiPoint"",""coordinates"":[]}"
1079,633.5,653,653.3363243145742,"{""type"":""MultiPoint"",""coordinates"":[]}"
1080,543.5,589,586.5523296703296,"{""type"":""MultiPoint"",""coordinates"":[]}"
1081,0.0,0,0.028216399075293355,"{""type"":""MultiPoint"",""coordinates"":[]}"
1082,0.0,0,0.028216399075293355,"{""type"":""MultiPoint"",""coordinates"":[]}"
1083,691.5,712,694.0984545454546,"{""type"":""MultiPoint"",""coordinates"":[]}"
1084,780.5,750,769.5596919191918,"{""type"":""MultiPoint"",""coordinates"":[]}"
1085,0.0,0,0.028216399075293355,"{""type"":""MultiPoint"",""coordinates"":[]}"
1086,0.0,0,0.028216399075293355,"{""type"":""MultiPoint"",""coordinates"":[]}"
1087,744.3333333333334,771,750.829482055579,"{""type"":""MultiPoint"",""coordinates"":[]}"
1088,787.0,787,795.6341428571428,"{""type"":""MultiPoint"",""coordinates"":[]}"
1089,818.3333333333334,805,816.3891729691875,"{""type"":""MultiPoint"",""coordinates"":[]}"
1090,515.5,439,480.6484880952379,"{""type"":""MultiPoint"",""coordinates"":[]}"
1091,287.5,360,303.78609090909094,"{""type"":""MultiPoint"",""coordinates"":[]}"
1092,504.0,515,515.2474012730822,"{""type"":""MultiPoint"",""coordinates"":[]}"
1093,849.5,847,821.2058396358542,"{""type"":""MultiPoint"",""coordinates"":[]}"
1094,747.3333333333334,722,734.4537142857142,"{""type"":""MultiPoint"",""coordinates"":[]}"
1095,0.0,0,0.028216399075293355,"{""type"":""MultiPoint"",""coordinates"":[]}"
1096,0.0,0,0.028216399075293355,"{""type"":""MultiPoint"",""coordinates"":[]}"
1097,0.0,0,0.028216399075293355,"{""type"":""MultiPoint"",""coordinates"":[]}"
1098,730.6666666666666,731,722.8600373626373,"{""type"":""MultiPoint"",""coordinates"":[]}"
1099,761.0,787,776.3039047619045,"{""type"":""MultiPoint"",""coordinates"":[]}"
1100,594.5,574,610.7039642857143,"{""type"":""MultiPoint"",""coordinates"":[]}"
1101,894.5,893,882.9735000000004,"{""type"":""MultiPoint"",""coordinates"":[]}"
1102,739.0,747,731.2402142857143,"{""type"":""MultiPoint"",""coordinates"":[]}"
1103,572.0,674,624.8939365079364,"{""type"":""MultiPoint"",""coordinates"":[]}"
1104,316.0,309,313.21141666666665,"{""type"":""MultiPoint"",""coordinates"":[]}"
1105,0.0,0,0.028216399075293355,"{""type"":""MultiPoint"",""coordinates"":[]}"
1106,739.0,732,735.9750634920634,"{""type"":""MultiPoint"",""coordinates"":[]}"
1107,764.0,773,766.1280955882354,"{""type"":""MultiPoint"",""coordinates"":[]}"
1108,664.5,602,661.5214643134642,"{""type"":""MultiPoint"",""coordinates"":[]}"
1109,699.3333333333334,719,710.9021248473748,"{""type"":""MultiPoint"",""coordinates"":[]}"
1110,0.0,0,0.028216399075293355,"{""type"":""MultiPoint"",""coordinates"":[]}"
1111,602.5,583,622.2670833333333,"{""type"":""MultiPoint"",""coordinates"":[]}"
1112,0.0,0,0.028216399075293355,"{""type"":""MultiPoint"",""coordinates"":[]}"
1113,296.3333333333333,267,323.48630952380955,"{""type"":""MultiPoint"",""coordinates"":[]}"
1114,709.0,678,696.6716976190474,"{""type"":""MultiPoint"",""coordinates"":[]}"
1115,520.3333333333334,534,507.395865079365,"{""type"":""MultiPoint"",""coordinates"":[]}"
1116,827.3333333333334,848,838.1667424242426,"{""type"":""MultiPoint"",""coordinates"":[]}"
1117,0.0,0,0.028216399075293355,"{""type"":""MultiPoint"",""coordinates"":[]}"
1118,543.5,521,561.2700952380952,"{""type"":""MultiPoint"",""coordinates"":[]}"
1119,792.5,821,809.6169090909091,"{""type"":""MultiPoint"",""coordinates"":[]}"
1120,759.0,749,764.8976825396827,"{""type"":""MultiPoint"",""coordinates"":[]}"
1121,0.0,0,0.028216399075293355,"{""type"":""MultiPoint"",""coordinates"":[]}"
1122,0.0,0,0.028216399075293355,"{""type"":""MultiPoint"",""coordinates"":[]}"
1123,0.0,0,0.028216399075293355,"{""type"":""MultiPoint"",""coordinates"":[]}"
1124,296.5,302,308.8513333333334,"{""type"":""MultiPoint"",""coordinates"":[]}"
1125,367.0,324,331.6159166666667,"{""type"":""MultiPoint"",""coordinates"":[]}"
1126,865.0,887,880.1840000000001,"{""type"":""MultiPoint"",""coordinates"":[]}"
1127,897.0,884,889.8508333333335,"{""type"":""MultiPoint"",""coordinates"":[]}"
1128,572.0,560,590.2302458540446,"{""type"":""MultiPoint"",""coordinates"":[]}"
1129,763.5,769,746.2269860132225,"{""type"":""MultiPoint"",""coordinates"":[]}"
1130,720.5,701,709.182012621881,"{""type"":""MultiPoint"",""coordinates"":[]}"
1131,0.0,0,0.028216399075293355,"{""type"":""MultiPoint"",""coordinates"":[]}"
1132,0.0,0,0.028216399075293355,"{""type"":""MultiPoint"",""coordinates"":[]}"
1133,755.5,767,737.0447634408602,"{""type"":""MultiPoint"",""coordinates"":[]}"
1134,750.0,688,723.4292817460316,"{""type"":""MultiPoint"",""coordinates"":[]}"
1135,773.5,765,762.3290129870131,"{""type"":""MultiPoint"",""coordinates"":[]}"
1136,0.0,0,0.028216399075293355,"{""type"":""MultiPoint"",""coordinates"":[]}"
1137,793.6666666666666,730,740.693511904762,"{""type"":""MultiPoint"",""coordinates"":[]}"
1138,520.3333333333334,503,517.7258650793651,"{""type"":""MultiPoint"",""coordinates"":[]}"
1139,801.0,794,789.8151313131311,"{""type"":""MultiPoint"",""coordinates"":[]}"
1140,592.0,655,604.9739761904762,"{""type"":""MultiPoint"",""coordinates"":[]}"
1141,0.0,0,0.028216399075293355,"{""type"":""MultiPoint"",""coordinates"":[]}"
1142,733.0,711,738.1143754578754,"{""type"":""MultiPoint"",""coordinates"":[]}"
1143,683.0,673,672.0898333333336,"{""type"":""MultiPoint"",""coordinates"":[]}"
1144,564.0,525,546.5599850504161,"{""type"":""MultiPoint"",""coordinates"":[]}"
1145,324.0,496,373.560090909091,"{""type"":""MultiPoint"",""coordinates"":[]}"
1146,0.0,0,0.028216399075293355,"{""type"":""MultiPoint"",""coordinates"":[]}"
1147,371.3333333333333,358,418.74782142857134,"{""type"":""MultiPoint"",""coordinates"":[]}"
1148,0.0,0,0.028216399075293355,"{""type"":""MultiPoint"",""coordinates"":[]}"
1149,813.0,809,809.7152424242422,"{""type"":""MultiPoint"",""coordinates"":[]}"
1150,772.5,784,775.0295411255412,"{""type"":""MultiPoint"",""coordinates"":[]}"
1151,572.0,609,591.0420791873778,"{""type"":""MultiPoint"",""coordinates"":[]}"
1152,0.0,0,0.028216399075293355,"{""type"":""MultiPoint"",""coordinates"":[]}"
1153,510.0,506,513.7380679397489,"{""type"":""MultiPoint"",""coordinates"":[]}"
1154,0.0,0,0.028216399075293355,"{""type"":""MultiPoint"",""coordinates"":[]}"
1155,801.0,791,797.3580519480522,"{""type"":""MultiPoint"",""coordinates"":[]}"
1156,705.0,724,712.3324343711844,"{""type"":""MultiPoint"",""coordinates"":[]}"
1157,0.0,0,0.028216399075293355,"{""type"":""MultiPoint"",""coordinates"":[]}"
1158,445.5,440,454.1652465111775,"{""type"":""MultiPoint"",""coordinates"":[]}"
1159,0.0,0,0.028216399075293355,"{""type"":""MultiPoint"",""coordinates"":[]}"
1160,827.3333333333334,832,829.9571666666666,"{""type"":""MultiPoint"",""coordinates"":[]}"
1161,804.5,821,814.9888333333333,"{""type"":""MultiPoint"",""coordinates"":[]}"
1162,296.3333333333333,288,353.8213095238096,"{""type"":""MultiPoint"",""coordinates"":[]}"
1163,393.5,390,432.60585714285713,"{""type"":""MultiPoint"",""coordinates"":[]}"
1164,572.0,589,592.0745791873778,"{""type"":""MultiPoint"",""coordinates"":[]}"
1165,732.5,719,721.8459423076923,"{""type"":""MultiPoint"",""coordinates"":[]}"
1166,557.3333333333334,532,535.6154285714285,"{""type"":""MultiPoint"",""coordinates"":[]}"
1167,0.0,0,0.028216399075293355,"{""type"":""MultiPoint"",""coordinates"":[]}"
1168,751.0,745,746.0916884047851,"{""type"":""MultiPoint"",""coordinates"":[]}"
1169,0.0,0,0.028216399075293355,"{""type"":""MultiPoint"",""coordinates"":[]}"
1170,792.0,796,791.5506868686871,"{""type"":""MultiPoint"",""coordinates"":[]}"
1171,778.0,739,748.7533391984358,"{""type"":""MultiPoint"",""coordinates"":[]}"
1172,772.5,753,760.5218939393941,"{""type"":""MultiPoint"",""coordinates"":[]}"
1173,696.5,684,705.5012062726747,"{""type"":""MultiPoint"",""coordinates"":[]}"
1174,381.0,378,384.81333333333345,"{""type"":""MultiPoint"",""coordinates"":[]}"
1175,0.0,0,0.028216399075293355,"{""type"":""MultiPoint"",""coordinates"":[]}"
1176,0.0,0,0.028216399075293355,"{""type"":""MultiPoint"",""coordinates"":[]}"
1177,0.0,0,0.028216399075293355,"{""type"":""MultiPoint"",""coordinates"":[]}"
1178,631.5,659,656.9166984126982,"{""type"":""MultiPoint"",""coordinates"":[]}"
1179,520.5,565,552.3595207647018,"{""type"":""MultiPoint"",""coordinates"":[]}"
1180,691.5,618,686.7956053391051,"{""type"":""MultiPoint"",""coordinates"":[]}"
1181,296.3333333333333,415,334.4420909090909,"{""type"":""MultiPoint"",""coordinates"":[]}"
1182,669.3333333333334,637,644.5231053391052,"{""type"":""MultiPoint"",""coordinates"":[]}"
1183,791.0,807,785.2375992063492,"{""type"":""MultiPoint"",""coordinates"":[]}"
1184,744.3333333333334,764,752.6622201508169,"{""type"":""MultiPoint"",""coordinates"":[]}"
1185,0.0,0,0.028216399075293355,"{""type"":""MultiPoint"",""coordinates"":[]}"
1186,336.5,445,371.361240981241,"{""type"":""MultiPoint"",""coordinates"":[]}"
1187,694.0,714,687.4533452380952,"{""type"":""MultiPoint"",""coordinates"":[]}"
1188,0.0,0,0.028216399075293355,"{""type"":""MultiPoint"",""coordinates"":[]}"
1189,711.0,673,648.0383333333334,"{""type"":""MultiPoint"",""coordinates"":[]}"
1190,773.5,767,771.5214242424244,"{""type"":""MultiPoint"",""coordinates"":[]}"
1191,0.0,0,0.028216399075293355,"{""type"":""MultiPoint"",""coordinates"":[]}"
1192,793.6666666666666,806,794.7891666666667,"{""type"":""MultiPoint"",""coordinates"":[]}"
1193,664.5,625,644.9131053391052,"{""type"":""MultiPoint"",""coordinates"":[]}"
1194,760.5,727,742.8323754578753,"{""type"":""MultiPoint"",""coordinates"":[]}"
1195,760.5,709,743.356542124542,"{""type"":""MultiPoint"",""coordinates"":[]}"
1196,653.6666666666666,654,660.0459246309247,"{""type"":""MultiPoint"",""coordinates"":[]}"
1197,689.0,712,701.8695277777775,"{""type"":""MultiPoint"",""coordinates"":[]}"
1198,652.0,681,669.0613809523811,"{""type"":""MultiPoint"",""coordinates"":[]}"
1199,668.0,726,668.1198055555556,"{""type"":""MultiPoint"",""coordinates"":[]}"
1200,782.3333333333334,778,763.6613542568543,"{""type"":""MultiPoint"",""coordinates"":[]}"
1201,0.0,0,0.028216399075293355,"{""type"":""MultiPoint"",""coordinates"":[]}"
1202,716.6666666666666,711,704.155039606008,"{""type"":""MultiPoint"",""coordinates"":[]}"
1203,0.0,0,0.028216399075293355,"{""type"":""MultiPoint"",""coordinates"":[]}"
1204,744.3333333333334,727,750.6061487222455,"{""type"":""MultiPoint"",""coordinates"":[]}"
1205,734.0,724,728.3362282717281,"{""type"":""MultiPoint"",""coordinates"":[]}"
1206,144.5,111,127.02883333333331,"{""type"":""MultiPoint"",""coordinates"":[]}"
1207,760.5,729,753.4776725317695,"{""type"":""MultiPoint"",""coordinates"":[]}"
1208,0.0,0,0.028216399075293355,"{""type"":""MultiPoint"",""coordinates"":[]}"
1209,0.0,0,0.028216399075293355,"{""type"":""MultiPoint"",""coordinates"":[]}"
1210,572.0,586,591.6723410921397,"{""type"":""MultiPoint"",""coordinates"":[]}"
1211,736.5,730,718.8624491298175,"{""type"":""MultiPoint"",""coordinates"":[]}"
1212,778.0,775,741.3470421245421,"{""type"":""MultiPoint"",""coordinates"":[]}"
1213,836.0,845,806.4011190476193,"{""type"":""MultiPoint"",""coordinates"":[]}"
1214,0.0,0,0.028216399075293355,"{""type"":""MultiPoint"",""coordinates"":[]}"
1215,483.0,465,434.11992424242425,"{""type"":""MultiPoint"",""coordinates"":[]}"
1216,0.0,0,0.028216399075293355,"{""type"":""MultiPoint"",""coordinates"":[]}"
1217,547.0,518,538.1811993361302,"{""type"":""MultiPoint"",""coordinates"":[]}"
1218,813.0,802,811.7282499999998,"{""type"":""MultiPoint"",""coordinates"":[]}"
1219,0.0,0,0.028216399075293355,"{""type"":""MultiPoint"",""coordinates"":[]}"
1220,0.0,0,0.028216399075293355,"{""type"":""MultiPoint"",""coordinates"":[]}"
1221,730.6666666666666,705,726.4583706959706,"{""type"":""MultiPoint"",""coordinates"":[]}"
1222,758.0,765,756.9846915584415,"{""type"":""MultiPoint"",""coordinates"":[]}"
1223,775.5,788,765.2357936507937,"{""type"":""MultiPoint"",""coordinates"":[]}"
1224,0.0,0,0.028216399075293355,"{""type"":""MultiPoint"",""coordinates"":[]}"
1225,450.0,442,463.6658888888888,"{""type"":""MultiPoint"",""coordinates"":[]}"
1226,732.5,713,718.9692311965813,"{""type"":""MultiPoint"",""coordinates"":[]}"
1227,41.0,50,110.94114102564103,"{""type"":""MultiPoint"",""coordinates"":[]}"
1228,601.0,552,543.9773051948054,"{""type"":""MultiPoint"",""coordinates"":[]}"
1229,728.0,721,729.3579476190475,"{""type"":""MultiPoint"",""coordinates"":[]}"
1230,554.0,581,597.2276982349969,"{""type"":""MultiPoint"",""coordinates"":[]}"
1231,0.0,0,0.028216399075293355,"{""type"":""MultiPoint"",""coordinates"":[]}"
1232,678.0,620,664.2388055555555,"{""type"":""MultiPoint"",""coordinates"":[]}"
1233,0.0,0,0.028216399075293355,"{""type"":""MultiPoint"",""coordinates"":[]}"
1234,0.0,0,0.028216399075293355,"{""type"":""MultiPoint"",""coordinates"":[]}"
1235,694.3333333333334,688,684.9912539682539,"{""type"":""MultiPoint"",""coordinates"":[]}"
1236,897.0,882,888.5508333333336,"{""type"":""MultiPoint"",""coordinates"":[]}"
1237,477.3333333333333,412,427.55065476190464,"{""type"":""MultiPoint"",""coordinates"":[]}"
1238,725.3333333333334,647,692.8039590643275,"{""type"":""MultiPoint"",""coordinates"":[]}"
1239,683.0,605,661.6109999999999,"{""type"":""MultiPoint"",""coordinates"":[]}"
1240,813.0,815,802.255333333333,"{""type"":""MultiPoint"",""coordinates"":[]}"
1241,897.0,904,891.6725000000002,"{""type"":""MultiPoint"",""coordinates"":[]}"
1242,708.0,689,705.8712142857142,"{""type"":""MultiPoint"",""coordinates"":[]}"
1243,421.3333333333333,404,393.025,"{""type"":""MultiPoint"",""coordinates"":[]}"
1244,450.0,465,485.30672222222216,"{""type"":""MultiPoint"",""coordinates"":[]}"
1245,480.5,537,504.88508730158725,"{""type"":""MultiPoint"",""coordinates"":[]}"
1246,0.0,0,2.1615497324086266,"{""type"":""MultiPoint"",""coordinates"":[]}"
1247,0.0,0,0.028216399075293355,"{""type"":""MultiPoint"",""coordinates"":[]}"
1248,517.0,336,390.98555411255415,"{""type"":""MultiPoint"",""coordinates"":[]}"
1249,490.0,501,401.3363333333333,"{""type"":""MultiPoint"",""coordinates"":[]}"
1250,0.0,0,0.028216399075293355,"{""type"":""MultiPoint"",""coordinates"":[]}"
1251,648.5,705,671.6811053391051,"{""type"":""MultiPoint"",""coordinates"":[]}"
1252,758.0,800,772.636297979798,"{""type"":""MultiPoint"",""coordinates"":[]}"
1253,0.0,0,0.028216399075293355,"{""type"":""MultiPoint"",""coordinates"":[]}"
1254,446.5,409,418.1308333333334,"{""type"":""MultiPoint"",""coordinates"":[]}"
1255,601.0,631,585.5851666666667,"{""type"":""MultiPoint"",""coordinates"":[]}"
1256,777.0,756,807.0916904761906,"{""type"":""MultiPoint"",""coordinates"":[]}"
1257,724.0,747,751.489917748918,"{""type"":""MultiPoint"",""coordinates"":[]}"
1258,449.0,408,436.3984325396825,"{""type"":""MultiPoint"",""coordinates"":[]}"
1259,0.0,0,0.028216399075293355,"{""type"":""MultiPoint"",""coordinates"":[]}"
1260,0.0,0,0.028216399075293355,"{""type"":""MultiPoint"",""coordinates"":[]}"
1261,768.0,754,760.5985967741938,"{""type"":""MultiPoint"",""coordinates"":[]}"
1262,564.0,577,546.1766517170829,"{""type"":""MultiPoint"",""coordinates"":[]}"
1263,0.0,0,0.028216399075293355,"{""type"":""MultiPoint"",""coordinates"":[]}"
1264,594.5,608,608.3738333333332,"{""type"":""MultiPoint"",""coordinates"":[]}"
1265,368.0,310,364.9701666666668,"{""type"":""MultiPoint"",""coordinates"":[]}"
1266,804.5,781,808.3409523809522,"{""type"":""MultiPoint"",""coordinates"":[]}"
1267,0.0,0,0.028216399075293355,"{""type"":""MultiPoint"",""coordinates"":[]}"
1268,490.0,486,405.4429999999998,"{""type"":""MultiPoint"",""coordinates"":[]}"
1269,0.0,0,0.028216399075293355,"{""type"":""MultiPoint"",""coordinates"":[]}"
1270,479.6666666666667,591,546.3686082251081,"{""type"":""MultiPoint"",""coordinates"":[]}"
1271,792.0,811,798.7554523809523,"{""type"":""MultiPoint"",""coordinates"":[]}"
1272,0.0,0,0.028216399075293355,"{""type"":""MultiPoint"",""coordinates"":[]}"
1273,755.5,718,739.1505967741934,"{""type"":""MultiPoint"",""coordinates"":[]}"
1274,227.5,251,270.92664285714284,"{""type"":""MultiPoint"",""coordinates"":[]}"
1275,648.5,657,662.802272005772,"{""type"":""MultiPoint"",""coordinates"":[]}"
1276,724.0,745,736.2313642857142,"{""type"":""MultiPoint"",""coordinates"":[]}"
1277,764.0,771,776.4879047619049,"{""type"":""MultiPoint"",""coordinates"":[]}"
1278,747.3333333333334,720,737.8407634408602,"{""type"":""MultiPoint"",""coordinates"":[]}"
1279,775.5,804,790.2717582972583,"{""type"":""MultiPoint"",""coordinates"":[]}"
1280,643.0,599,617.4497951649129,"{""type"":""MultiPoint"",""coordinates"":[]}"
1281,751.0,745,740.4478754578754,"{""type"":""MultiPoint"",""coordinates"":[]}"
1282,103.5,115,194.01333333333332,"{""type"":""MultiPoint"",""coordinates"":[]}"
1283,741.5,719,720.2185454822954,"{""type"":""MultiPoint"",""coordinates"":[]}"
1284,24.333333333333332,184,70.46300067476385,"{""type"":""MultiPoint"",""coordinates"":[]}"
1285,0.0,0,0.028216399075293355,"{""type"":""MultiPoint"",""coordinates"":[]}"
1286,745.5,782,754.4046915584414,"{""type"":""MultiPoint"",""coordinates"":[]}"
1287,0.0,0,0.028216399075293355,"{""type"":""MultiPoint"",""coordinates"":[]}"
1288,822.0,810,814.8988333333333,"{""type"":""MultiPoint"",""coordinates"":[]}"
1289,560.5,473,551.7598333333333,"{""type"":""MultiPoint"",""coordinates"":[]}"
1290,813.0,805,801.5834999999997,"{""type"":""MultiPoint"",""coordinates"":[]}"
1291,0.0,0,0.028216399075293355,"{""type"":""MultiPoint"",""coordinates"":[]}"
1292,606.5,579,611.2958809523807,"{""type"":""MultiPoint"",""coordinates"":[]}"
1293,714.0,679,710.057735958486,"{""type"":""MultiPoint"",""coordinates"":[]}"
1294,689.0,675,701.265361111111,"{""type"":""MultiPoint"",""coordinates"":[]}"
1295,696.5,742,736.7715967741934,"{""type"":""MultiPoint"",""coordinates"":[]}"
1296,714.0,696,714.4250645299147,"{""type"":""MultiPoint"",""coordinates"":[]}"
1297,776.3333333333334,776,774.8629047619048,"{""type"":""MultiPoint"",""coordinates"":[]}"
1298,0.0,0,0.028216399075293355,"{""type"":""MultiPoint"",""coordinates"":[]}"
1299,612.3333333333334,482,571.3967142857142,"{""type"":""MultiPoint"",""coordinates"":[]}"
1300,813.0,791,803.2985000000001,"{""type"":""MultiPoint"",""coordinates"":[]}"
1301,822.0,834,817.1185,"{""type"":""MultiPoint"",""coordinates"":[]}"
1302,0.0,0,0.028216399075293355,"{""type"":""MultiPoint"",""coordinates"":[]}"
1303,0.0,0,0.028216399075293355,"{""type"":""MultiPoint"",""coordinates"":[]}"
1304,669.3333333333334,606,648.1358831168831,"{""type"":""MultiPoint"",""coordinates"":[]}"
1305,0.0,0,0.028216399075293355,"{""type"":""MultiPoint"",""coordinates"":[]}"
1306,483.0,379,471.38433333333336,"{""type"":""MultiPoint"",""coordinates"":[]}"
1307,725.3333333333334,666,697.2562685881369,"{""type"":""MultiPoint"",""coordinates"":[]}"
1308,558.0,592,602.2815476190475,"{""type"":""MultiPoint"",""coordinates"":[]}"
1309,0.0,0,0.028216399075293355,"{""type"":""MultiPoint"",""coordinates"":[]}"
1310,0.0,0,0.028216399075293355,"{""type"":""MultiPoint"",""coordinates"":[]}"
1311,816.6666666666666,795,798.4381666666667,"{""type"":""MultiPoint"",""coordinates"":[]}"
1312,539.3333333333334,536,514.0039682539682,"{""type"":""MultiPoint"",""coordinates"":[]}"
1313,699.3333333333334,733,712.9891010378509,"{""type"":""MultiPoint"",""coordinates"":[]}"
1314,0.0,0,0.028216399075293355,"{""type"":""MultiPoint"",""coordinates"":[]}"
1315,517.0,406,417.3495147907649,"{""type"":""MultiPoint"",""coordinates"":[]}"
1316,480.5,595,518.4175873015873,"{""type"":""MultiPoint"",""coordinates"":[]}"
1317,758.0,755,754.404751082251,"{""type"":""MultiPoint"",""coordinates"":[]}"
1318,0.0,0,0.028216399075293355,"{""type"":""MultiPoint"",""coordinates"":[]}"
1319,691.5,696,692.8001212121213,"{""type"":""MultiPoint"",""coordinates"":[]}"
1320,699.3333333333334,745,714.8724343711843,"{""type"":""MultiPoint"",""coordinates"":[]}"
1321,667.0,648,662.148591297591,"{""type"":""MultiPoint"",""coordinates"":[]}"
1322,138.0,175,109.97942351205114,"{""type"":""MultiPoint"",""coordinates"":[]}"
1323,520.5,529,548.7568540980352,"{""type"":""MultiPoint"",""coordinates"":[]}"
1324,0.0,0,0.028216399075293355,"{""type"":""MultiPoint"",""coordinates"":[]}"
1325,336.5,332,373.3529076479076,"{""type"":""MultiPoint"",""coordinates"":[]}"
1326,558.0,566,568.1381191091676,"{""type"":""MultiPoint"",""coordinates"":[]}"
1327,515.5,505,492.2918095238095,"{""type"":""MultiPoint"",""coordinates"":[]}"
1328,296.3333333333333,323,308.2249848484848,"{""type"":""MultiPoint"",""coordinates"":[]}"
1329,0.0,0,0.028216399075293355,"{""type"":""MultiPoint"",""coordinates"":[]}"
1330,445.5,422,426.49115476190474,"{""type"":""MultiPoint"",""coordinates"":[]}"
1331,0.0,0,2.1615497324086266,"{""type"":""MultiPoint"",""coordinates"":[]}"
1332,789.3333333333334,866,825.0799999999998,"{""type"":""MultiPoint"",""coordinates"":[]}"
1333,0.0,0,0.028216399075293355,"{""type"":""MultiPoint"",""coordinates"":[]}"
1334,318.0,312,315.41916666666674,"{""type"":""MultiPoint"",""coordinates"":[]}"
1335,539.3333333333334,441,504.8646587301586,"{""type"":""MultiPoint"",""coordinates"":[]}"
1336,587.6666666666666,605,609.4309999999997,"{""type"":""MultiPoint"",""coordinates"":[]}"
1337,485.5,511,466.82098809523796,"{""type"":""MultiPoint"",""coordinates"":[]}"
1338,0.0,0,0.028216399075293355,"{""type"":""MultiPoint"",""coordinates"":[]}"
1339,779.6666666666666,781,787.2465539215685,"{""type"":""MultiPoint"",""coordinates"":[]}"
1340,606.5,591,593.7856666666665,"{""type"":""MultiPoint"",""coordinates"":[]}"
1341,0.0,0,0.028216399075293355,"{""type"":""MultiPoint"",""coordinates"":[]}"
1342,0.0,0,0.028216399075293355,"{""type"":""MultiPoint"",""coordinates"":[]}"
1343,572.3333333333334,587,575.9476666666668,"{""type"":""MultiPoint"",""coordinates"":[]}"
1344,602.5,689,617.429,"{""type"":""MultiPoint"",""coordinates"":[]}"
1345,633.5,653,647.811883116883,"{""type"":""MultiPoint"",""coordinates"":[]}"
1346,633.0,672,626.5704642857143,"{""type"":""MultiPoint"",""coordinates"":[]}"
1347,734.0,677,730.7621377127775,"{""type"":""MultiPoint"",""coordinates"":[]}"
1348,633.5,596,640.1039722499723,"{""type"":""MultiPoint"",""coordinates"":[]}"
1349,0.0,0,0.028216399075293355,"{""type"":""MultiPoint"",""coordinates"":[]}"
1350,789.0,776,779.8786313131312,"{""type"":""MultiPoint"",""coordinates"":[]}"
1351,0.0,0,0.028216399075293355,"{""type"":""MultiPoint"",""coordinates"":[]}"
1352,0.0,0,0.028216399075293355,"{""type"":""MultiPoint"",""coordinates"":[]}"
1353,484.5,460,493.0275000000001,"{""type"":""MultiPoint"",""coordinates"":[]}"
1354,0.0,0,0.028216399075293355,"{""type"":""MultiPoint"",""coordinates"":[]}"
1355,504.0,547,514.1764092095901,"{""type"":""MultiPoint"",""coordinates"":[]}"
1356,543.5,544,573.9073296703297,"{""type"":""MultiPoint"",""coordinates"":[]}"
1357,0.0,0,0.028216399075293355,"{""type"":""MultiPoint"",""coordinates"":[]}"
1358,820.5,789,786.3267920168067,"{""type"":""MultiPoint"",""coordinates"":[]}"
1359,0.0,0,0.028216399075293355,"{""type"":""MultiPoint"",""coordinates"":[]}"
1360,479.6666666666667,512,509.2323258762568,"{""type"":""MultiPoint"",""coordinates"":[]}"
1361,0.0,0,0.028216399075293355,"{""type"":""MultiPoint"",""coordinates"":[]}"
1362,750.0,724,717.161638888889,"{""type"":""MultiPoint"",""coordinates"":[]}"
1363,668.6666666666666,693,704.3007023809524,"{""type"":""MultiPoint"",""coordinates"":[]}"
1364,587.6666666666666,569,608.6434999999998,"{""type"":""MultiPoint"",""coordinates"":[]}"
1365,708.5,684,716.062958180708,"{""type"":""MultiPoint"",""coordinates"":[]}"
1366,0.0,0,0.028216399075293355,"{""type"":""MultiPoint"",""coordinates"":[]}"
1367,761.0,723,756.2008820346321,"{""type"":""MultiPoint"",""coordinates"":[]}"
1368,612.0,588,644.6604246309248,"{""type"":""MultiPoint"",""coordinates"":[]}"
1369,492.0,497,490.864056034987,"{""type"":""MultiPoint"",""coordinates"":[]}"
1370,795.5,777,778.8845757575757,"{""type"":""MultiPoint"",""coordinates"":[]}"
1371,758.3333333333334,771,769.0495714285715,"{""type"":""MultiPoint"",""coordinates"":[]}"
1372,496.0,571,549.4812619047618,"{""type"":""MultiPoint"",""coordinates"":[]}"
1373,0.0,0,0.028216399075293355,"{""type"":""MultiPoint"",""coordinates"":[]}"
1374,0.0,0,0.028216399075293355,"{""type"":""MultiPoint"",""coordinates"":[]}"
1375,477.3333333333333,375,437.8788571428572,"{""type"":""MultiPoint"",""coordinates"":[]}"
1376,0.0,0,0.028216399075293355,"{""type"":""MultiPoint"",""coordinates"":[]}"
1377,747.3333333333334,752,728.030214285714,"{""type"":""MultiPoint"",""coordinates"":[]}"
1378,249.0,416,281.03292424242426,"{""type"":""MultiPoint"",""coordinates"":[]}"
1379,227.5,335,280.9823333333334,"{""type"":""MultiPoint"",""coordinates"":[]}"
1380,0.0,0,0.028216399075293355,"{""type"":""MultiPoint"",""coordinates"":[]}"
1381,0.0,0,0.028216399075293355,"{""type"":""MultiPoint"",""coordinates"":[]}"
1382,776.3333333333334,779,765.4505955882355,"{""type"":""MultiPoint"",""coordinates"":[]}"
1383,0.0,0,0.028216399075293355,"{""type"":""MultiPoint"",""coordinates"":[]}"
1384,827.3333333333334,799,821.6905357142856,"{""type"":""MultiPoint"",""coordinates"":[]}"
1385,705.0,696,691.0027738095238,"{""type"":""MultiPoint"",""coordinates"":[]}"
1386,739.0,725,735.4269865689866,"{""type"":""MultiPoint"",""coordinates"":[]}"
1387,539.3333333333334,615,507.52480158730145,"{""type"":""MultiPoint"",""coordinates"":[]}"
1388,0.0,0,0.028216399075293355,"{""type"":""MultiPoint"",""coordinates"":[]}"
1389,803.5,778,799.4224761904761,"{""type"":""MultiPoint"",""coordinates"":[]}"
1390,0.0,0,0.028216399075293355,"{""type"":""MultiPoint"",""coordinates"":[]}"
1391,754.0,725,742.9733913308912,"{""type"":""MultiPoint"",""coordinates"":[]}"
1392,653.6666666666666,660,669.8931587301586,"{""type"":""MultiPoint"",""coordinates"":[]}"
1393,792.0,787,784.1354292929295,"{""type"":""MultiPoint"",""coordinates"":[]}"
1394,227.5,299,258.10265151515154,"{""type"":""MultiPoint"",""coordinates"":[]}"
1395,0.0,0,0.028216399075293355,"{""type"":""MultiPoint"",""coordinates"":[]}"
1396,537.5,514,516.8130476190476,"{""type"":""MultiPoint"",""coordinates"":[]}"
1397,836.0,819,810.8923690476191,"{""type"":""MultiPoint"",""coordinates"":[]}"
1398,759.5,792,774.4537099567098,"{""type"":""MultiPoint"",""coordinates"":[]}"
1399,795.5,768,786.0454292929294,"{""type"":""MultiPoint"",""coordinates"":[]}"
1400,750.0,744,720.0983055555556,"{""type"":""MultiPoint"",""coordinates"":[]}"
1401,296.3333333333333,293,313.98631818181815,"{""type"":""MultiPoint"",""coordinates"":[]}"
1402,614.5,659,615.2775595238095,"{""type"":""MultiPoint"",""coordinates"":[]}"
1403,0.0,0,0.028216399075293355,"{""type"":""MultiPoint"",""coordinates"":[]}"
1404,0.0,0,0.028216399075293355,"{""type"":""MultiPoint"",""coordinates"":[]}"
1405,775.5,785,783.1813816738818,"{""type"":""MultiPoint"",""coordinates"":[]}"
1406,395.0,403,437.27154761904757,"{""type"":""MultiPoint"",""coordinates"":[]}"
1407,0.0,0,0.028216399075293355,"{""type"":""MultiPoint"",""coordinates"":[]}"
1408,537.5,518,475.4765,"{""type"":""MultiPoint"",""coordinates"":[]}"
1409,726.5,719,731.6949920634921,"{""type"":""MultiPoint"",""coordinates"":[]}"
1410,681.3333333333334,691,685.2075547619049,"{""type"":""MultiPoint"",""coordinates"":[]}"
1411,613.3333333333334,593,576.3341548234534,"{""type"":""MultiPoint"",""coordinates"":[]}"
1412,662.5,702,671.8889682539682,"{""type"":""MultiPoint"",""coordinates"":[]}"
1413,711.0,660,625.0834274042951,"{""type"":""MultiPoint"",""coordinates"":[]}"
1414,0.0,0,0.028216399075293355,"{""type"":""MultiPoint"",""coordinates"":[]}"
1415,760.5,738,748.7010296746266,"{""type"":""MultiPoint"",""coordinates"":[]}"
1416,778.0,761,748.6133630079598,"{""type"":""MultiPoint"",""coordinates"":[]}"
1417,614.5,600,616.2203095238093,"{""type"":""MultiPoint"",""coordinates"":[]}"
1418,849.5,836,832.6991666666665,"{""type"":""MultiPoint"",""coordinates"":[]}"
1419,648.5,604,649.5962164502165,"{""type"":""MultiPoint"",""coordinates"":[]}"
1420,0.0,0,0.028216399075293355,"{""type"":""MultiPoint"",""coordinates"":[]}"
1421,296.3333333333333,312,322.8928095238096,"{""type"":""MultiPoint"",""coordinates"":[]}"
1422,810.5,799,810.6863333333332,"{""type"":""MultiPoint"",""coordinates"":[]}"
1423,296.3333333333333,395,331.70298484848485,"{""type"":""MultiPoint"",""coordinates"":[]}"
1424,702.0,644,668.447,"{""type"":""MultiPoint"",""coordinates"":[]}"
1425,827.3333333333334,901,835.5468333333333,"{""type"":""MultiPoint"",""coordinates"":[]}"
1426,0.0,0,0.028216399075293355,"{""type"":""MultiPoint"",""coordinates"":[]}"
1427,0.0,0,0.028216399075293355,"{""type"":""MultiPoint"",""coordinates"":[]}"
1428,706.0,720,711.1062476646164,"{""type"":""MultiPoint"",""coordinates"":[]}"
1429,0.0,0,0.028216399075293355,"{""type"":""MultiPoint"",""coordinates"":[]}"
1430,678.6666666666666,692,655.780376984127,"{""type"":""MultiPoint"",""coordinates"":[]}"
1431,426.0,435,443.97837698412695,"{""type"":""MultiPoint"",""coordinates"":[]}"
1432,821.0,824,814.5980757575759,"{""type"":""MultiPoint"",""coordinates"":[]}"
1433,342.5,302,283.2259242424243,"{""type"":""MultiPoint"",""coordinates"":[]}"
1434,694.5,677,687.7194119047618,"{""type"":""MultiPoint"",""coordinates"":[]}"
1435,689.0,655,692.0277658730155,"{""type"":""MultiPoint"",""coordinates"":[]}"
1436,582.0,589,550.3586517170828,"{""type"":""MultiPoint"",""coordinates"":[]}"
1437,820.5,814,800.3326071428571,"{""type"":""MultiPoint"",""coordinates"":[]}"
1438,734.5,722,714.4967311965814,"{""type"":""MultiPoint"",""coordinates"":[]}"
1439,712.3333333333334,663,687.2375912698412,"{""type"":""MultiPoint"",""coordinates"":[]}"
1440,681.3333333333334,677,689.6761547619047,"{""type"":""MultiPoint"",""coordinates"":[]}"
1441,585.6666666666666,583,607.178916488965,"{""type"":""MultiPoint"",""coordinates"":[]}"
1442,602.5,663,616.8680476190475,"{""type"":""MultiPoint"",""coordinates"":[]}"
1443,585.3333333333334,577,575.3595437123423,"{""type"":""MultiPoint"",""coordinates"":[]}"
1444,662.5,682,669.8323809523811,"{""type"":""MultiPoint"",""coordinates"":[]}"
1445,781.0,796,786.1026111111111,"{""type"":""MultiPoint"",""coordinates"":[]}"
1446,662.5,650,666.374642857143,"{""type"":""MultiPoint"",""coordinates"":[]}"
1447,696.5,705,704.2187062726748,"{""type"":""MultiPoint"",""coordinates"":[]}"
1448,0.0,0,0.028216399075293355,"{""type"":""MultiPoint"",""coordinates"":[]}"
1449,368.0,337,356.28578138528144,"{""type"":""MultiPoint"",""coordinates"":[]}"
1450,0.0,0,0.028216399075293355,"{""type"":""MultiPoint"",""coordinates"":[]}"
1451,342.5,295,285.6258095238095,"{""type"":""MultiPoint"",""coordinates"":[]}"
1452,0.0,0,0.028216399075293355,"{""type"":""MultiPoint"",""coordinates"":[]}"
1453,693.5,641,646.7629523809524,"{""type"":""MultiPoint"",""coordinates"":[]}"
1454,0.0,0,0.028216399075293355,"{""type"":""MultiPoint"",""coordinates"":[]}"
1455,533.0,504,481.43621428571424,"{""type"":""MultiPoint"",""coordinates"":[]}"
1456,681.3333333333334,681,682.831554761905,"{""type"":""MultiPoint"",""coordinates"":[]}"
1457,720.5,700,708.6934848441031,"{""type"":""MultiPoint"",""coordinates"":[]}"
1458,836.5,822,817.5729999999998,"{""type"":""MultiPoint"",""coordinates"":[]}"
1459,708.5,632,686.426272556391,"{""type"":""MultiPoint"",""coordinates"":[]}"
1460,325.6666666666667,253,296.22480952380954,"{""type"":""MultiPoint"",""coordinates"":[]}"
1461,0.0,0,2.1615497324086266,"{""type"":""MultiPoint"",""coordinates"":[]}"
1462,633.0,623,616.9955476190474,"{""type"":""MultiPoint"",""coordinates"":[]}"
1463,347.0,327,329.2566666666667,"{""type"":""MultiPoint"",""coordinates"":[]}"
1464,705.0,694,690.1733730158728,"{""type"":""MultiPoint"",""coordinates"":[]}"
1465,665.5,674,671.1803400167083,"{""type"":""MultiPoint"",""coordinates"":[]}"
1466,371.3333333333333,361,427.478,"{""type"":""MultiPoint"",""coordinates"":[]}"
1467,725.3333333333334,696,700.8056019214703,"{""type"":""MultiPoint"",""coordinates"":[]}"
1468,618.0,593,624.1498095238095,"{""type"":""MultiPoint"",""coordinates"":[]}"
1469,0.0,0,0.028216399075293355,"{""type"":""MultiPoint"",""coordinates"":[]}"
1470,0.0,0,0.028216399075293355,"{""type"":""MultiPoint"",""coordinates"":[]}"
1471,599.5,629,544.8236596535908,"{""type"":""MultiPoint"",""coordinates"":[]}"
1472,393.5,542,442.2230238095238,"{""type"":""MultiPoint"",""coordinates"":[]}"
1473,716.6666666666666,695,707.2945396060081,"{""type"":""MultiPoint"",""coordinates"":[]}"
1474,648.5,664,664.8182164502164,"{""type"":""MultiPoint"",""coordinates"":[]}"
1475,332.6666666666667,303,374.50651479076487,"{""type"":""MultiPoint"",""coordinates"":[]}"
1476,0.0,0,0.028216399075293355,"{""type"":""MultiPoint"",""coordinates"":[]}"
1477,594.5,609,603.7682976190476,"{""type"":""MultiPoint"",""coordinates"":[]}"
1478,724.0,768,751.349917748918,"{""type"":""MultiPoint"",""coordinates"":[]}"
1479,0.0,0,2.1615497324086266,"{""type"":""MultiPoint"",""coordinates"":[]}"
1480,754.0,737,742.3745579975579,"{""type"":""MultiPoint"",""coordinates"":[]}"
1481,633.5,642,640.5026338383839,"{""type"":""MultiPoint"",""coordinates"":[]}"
1482,479.6666666666667,551,505.8813179397489,"{""type"":""MultiPoint"",""coordinates"":[]}"
1483,781.0,756,768.2719801587303,"{""type"":""MultiPoint"",""coordinates"":[]}"
1484,772.5,791,786.8437979797978,"{""type"":""MultiPoint"",""coordinates"":[]}"
1485,836.5,805,816.8929999999999,"{""type"":""MultiPoint"",""coordinates"":[]}"
1486,666.0,645,637.5448333333334,"{""type"":""MultiPoint"",""coordinates"":[]}"
1487,631.5,629,658.708757964258,"{""type"":""MultiPoint"",""coordinates"":[]}"
1488,702.0,660,662.7395238095239,"{""type"":""MultiPoint"",""coordinates"":[]}"
1489,347.0,324,333.0241666666667,"{""type"":""MultiPoint"",""coordinates"":[]}"
1490,0.0,0,0.028216399075293355,"{""type"":""MultiPoint"",""coordinates"":[]}"
1491,804.5,789,812.6534523809523,"{""type"":""MultiPoint"",""coordinates"":[]}"
1492,492.0,468,484.7964444444445,"{""type"":""MultiPoint"",""coordinates"":[]}"
1493,726.5,728,733.8634920634919,"{""type"":""MultiPoint"",""coordinates"":[]}"
1494,801.0,807,797.8693333333332,"{""type"":""MultiPoint"",""coordinates"":[]}"
1495,750.0,729,721.146638888889,"{""type"":""MultiPoint"",""coordinates"":[]}"
1496,777.5,801,788.5186868686866,"{""type"":""MultiPoint"",""coordinates"":[]}"
1497,836.0,802,807.9343690476192,"{""type"":""MultiPoint"",""coordinates"":[]}"
1498,585.3333333333334,543,575.2115079980566,"{""type"":""MultiPoint"",""coordinates"":[]}"
1499,671.3333333333334,680,684.8797050960734,"{""type"":""MultiPoint"",""coordinates"":[]}"
1500,296.5,287,309.383,"{""type"":""MultiPoint"",""coordinates"":[]}"
1501,791.0,791,788.1659292929295,"{""type"":""MultiPoint"",""coordinates"":[]}"
1502,0.0,0,0.028216399075293355,"{""type"":""MultiPoint"",""coordinates"":[]}"
1503,614.5,633,614.9054166666666,"{""type"":""MultiPoint"",""coordinates"":[]}"
1504,795.5,798,788.0753535353535,"{""type"":""MultiPoint"",""coordinates"":[]}"
1505,0.0,0,0.028216399075293355,"{""type"":""MultiPoint"",""coordinates"":[]}"
1506,572.3333333333334,623,579.5125,"{""type"":""MultiPoint"",""coordinates"":[]}"
1507,0.0,0,0.028216399075293355,"{""type"":""MultiPoint"",""coordinates"":[]}"
1508,701.5,655,686.1506053391051,"{""type"":""MultiPoint"",""coordinates"":[]}"
1509,618.0,668,624.8314761904762,"{""type"":""MultiPoint"",""coordinates"":[]}"
1510,0.0,0,0.028216399075293355,"{""type"":""MultiPoint"",""coordinates"":[]}"
1511,590.5,592,539.3524242424243,"{""type"":""MultiPoint"",""coordinates"":[]}"
1512,720.5,707,708.7748181774367,"{""type"":""MultiPoint"",""coordinates"":[]}"
1513,393.5,397,450.5895238095238,"{""type"":""MultiPoint"",""coordinates"":[]}"
1514,0.0,0,0.028216399075293355,"{""type"":""MultiPoint"",""coordinates"":[]}"
1515,585.3333333333334,606,579.0179524425009,"{""type"":""MultiPoint"",""coordinates"":[]}"
1516,0.0,0,0.028216399075293355,"{""type"":""MultiPoint"",""coordinates"":[]}"
1517,758.3333333333334,729,740.5612142857145,"{""type"":""MultiPoint"",""coordinates"":[]}"
1518,771.0,819,786.4783333333335,"{""type"":""MultiPoint"",""coordinates"":[]}"
1519,585.6666666666666,600,599.1774958540445,"{""type"":""MultiPoint"",""coordinates"":[]}"
1520,0.0,0,0.028216399075293355,"{""type"":""MultiPoint"",""coordinates"":[]}"
1521,789.0,821,789.7227500000001,"{""type"":""MultiPoint"",""coordinates"":[]}"
1522,764.0,783,774.9454047619047,"{""type"":""MultiPoint"",""coordinates"":[]}"
1523,709.0,666,682.3441111111111,"{""type"":""MultiPoint"",""coordinates"":[]}"
1524,648.5,681,662.0800158730158,"{""type"":""MultiPoint"",""coordinates"":[]}"
1525,715.5,708,705.4512142857143,"{""type"":""MultiPoint"",""coordinates"":[]}"
1526,655.0,625,627.4373214285714,"{""type"":""MultiPoint"",""coordinates"":[]}"
1527,813.0,814,806.7202424242423,"{""type"":""MultiPoint"",""coordinates"":[]}"
1528,342.5,251,290.38642424242425,"{""type"":""MultiPoint"",""coordinates"":[]}"
1529,490.0,341,407.1708571428571,"{""type"":""MultiPoint"",""coordinates"":[]}"
1530,144.5,151,122.93383333333331,"{""type"":""MultiPoint"",""coordinates"":[]}"
1531,347.0,342,341.98083333333335,"{""type"":""MultiPoint"",""coordinates"":[]}"
1532,0.0,0,0.028216399075293355,"{""type"":""MultiPoint"",""coordinates"":[]}"
1533,822.0,822,816.7126666666668,"{""type"":""MultiPoint"",""coordinates"":[]}"
1534,752.0,729,737.0965373626373,"{""type"":""MultiPoint"",""coordinates"":[]}"
1535,714.0,745,714.7860407203907,"{""type"":""MultiPoint"",""coordinates"":[]}"
1536,0.0,0,2.1615497324086266,"{""type"":""MultiPoint"",""coordinates"":[]}"
1537,0.0,0,0.028216399075293355,"{""type"":""MultiPoint"",""coordinates"":[]}"
1538,0.0,0,0.028216399075293355,"{""type"":""MultiPoint"",""coordinates"":[]}"
1539,296.3333333333333,369,326.1063181818182,"{""type"":""MultiPoint"",""coordinates"":[]}"
1540,392.0,320,377.13976479076473,"{""type"":""MultiPoint"",""coordinates"":[]}"
1541,421.3333333333333,393,400.7683333333334,"{""type"":""MultiPoint"",""coordinates"":[]}"
1542,0.0,0,0.028216399075293355,"{""type"":""MultiPoint"",""coordinates"":[]}"
1543,745.5,747,753.7587987012987,"{""type"":""MultiPoint"",""coordinates"":[]}"
1544,501.5,534,520.700003968254,"{""type"":""MultiPoint"",""coordinates"":[]}"
1545,0.0,0,0.028216399075293355,"{""type"":""MultiPoint"",""coordinates"":[]}"
1546,781.0,791,773.7867483660132,"{""type"":""MultiPoint"",""coordinates"":[]}"
1547,633.5,638,659.3355266955265,"{""type"":""MultiPoint"",""coordinates"":[]}"
1548,0.0,0,0.028216399075293355,"{""type"":""MultiPoint"",""coordinates"":[]}"
1549,670.5,652,674.8448082706765,"{""type"":""MultiPoint"",""coordinates"":[]}"
1550,687.0,675,703.2472103174603,"{""type"":""MultiPoint"",""coordinates"":[]}"
1551,713.3333333333334,699,688.4282857142858,"{""type"":""MultiPoint"",""coordinates"":[]}"
1552,0.0,0,0.028216399075293355,"{""type"":""MultiPoint"",""coordinates"":[]}"
1553,682.6666666666666,684,681.5782214285715,"{""type"":""MultiPoint"",""coordinates"":[]}"
1554,24.333333333333332,183,135.67133400809718,"{""type"":""MultiPoint"",""coordinates"":[]}"
1555,773.5,772,774.5195432900432,"{""type"":""MultiPoint"",""coordinates"":[]}"
1556,865.0,873,867.5991666666667,"{""type"":""MultiPoint"",""coordinates"":[]}"
1557,790.0,778,793.1678095238094,"{""type"":""MultiPoint"",""coordinates"":[]}"
1558,363.0,356,461.8704242424243,"{""type"":""MultiPoint"",""coordinates"":[]}"
1559,730.6666666666666,733,725.1945373626372,"{""type"":""MultiPoint"",""coordinates"":[]}"
1560,415.5,490,439.5921904761905,"{""type"":""MultiPoint"",""coordinates"":[]}"
1561,0.0,0,0.028216399075293355,"{""type"":""MultiPoint"",""coordinates"":[]}"
1562,758.0,753,772.8282979797982,"{""type"":""MultiPoint"",""coordinates"":[]}"
1563,791.0,798,784.7650992063491,"{""type"":""MultiPoint"",""coordinates"":[]}"
1564,894.5,876,885.7175000000002,"{""type"":""MultiPoint"",""coordinates"":[]}"
1565,755.5,725,733.3585769223133,"{""type"":""MultiPoint"",""coordinates"":[]}"
1566,0.0,0,0.028216399075293355,"{""type"":""MultiPoint"",""coordinates"":[]}"
1567,0.0,0,0.028216399075293355,"{""type"":""MultiPoint"",""coordinates"":[]}"
1568,618.0,644,615.513142857143,"{""type"":""MultiPoint"",""coordinates"":[]}"
1569,653.6666666666666,654,663.0981706349207,"{""type"":""MultiPoint"",""coordinates"":[]}"
1570,638.0,654,618.1064999999998,"{""type"":""MultiPoint"",""coordinates"":[]}"
1571,449.0,396,447.6488015873017,"{""type"":""MultiPoint"",""coordinates"":[]}"
1572,0.0,0,0.028216399075293355,"{""type"":""MultiPoint"",""coordinates"":[]}"
1573,547.5,528,568.2623755194243,"{""type"":""MultiPoint"",""coordinates"":[]}"
1574,539.3333333333334,524,510.1098015873015,"{""type"":""MultiPoint"",""coordinates"":[]}"
1575,552.0,563,544.0178809523809,"{""type"":""MultiPoint"",""coordinates"":[]}"
1576,791.0,786,787.634262626263,"{""type"":""MultiPoint"",""coordinates"":[]}"
1577,0.0,0,0.028216399075293355,"{""type"":""MultiPoint"",""coordinates"":[]}"
1578,0.0,0,0.028216399075293355,"{""type"":""MultiPoint"",""coordinates"":[]}"
1579,0.0,0,0.028216399075293355,"{""type"":""MultiPoint"",""coordinates"":[]}"
1580,760.5,748,745.5604582460552,"{""type"":""MultiPoint"",""coordinates"":[]}"
1581,363.0,397,408.254590909091,"{""type"":""MultiPoint"",""coordinates"":[]}"
1582,755.5,762,755.4592391774894,"{""type"":""MultiPoint"",""coordinates"":[]}"
1583,277.5,409,306.55498484848476,"{""type"":""MultiPoint"",""coordinates"":[]}"
1584,789.3333333333334,792,789.5499999999998,"{""type"":""MultiPoint"",""coordinates"":[]}"
1585,612.3333333333334,576,598.8313095238094,"{""type"":""MultiPoint"",""coordinates"":[]}"
1586,0.0,0,0.028216399075293355,"{""type"":""MultiPoint"",""coordinates"":[]}"
1587,347.0,339,349.57833333333343,"{""type"":""MultiPoint"",""coordinates"":[]}"
1588,827.3333333333334,805,820.6548333333334,"{""type"":""MultiPoint"",""coordinates"":[]}"
1589,0.0,0,0.028216399075293355,"{""type"":""MultiPoint"",""coordinates"":[]}"
1590,652.0,699,668.9678243145743,"{""type"":""MultiPoint"",""coordinates"":[]}"
1591,838.0,826,832.6234090909091,"{""type"":""MultiPoint"",""coordinates"":[]}"
1592,41.0,32,199.27997435897436,"{""type"":""MultiPoint"",""coordinates"":[]}"
1593,709.0,682,682.0782777777779,"{""type"":""MultiPoint"",""coordinates"":[]}"
1594,592.5,640,583.186042186091,"{""type"":""MultiPoint"",""coordinates"":[]}"
1595,0.0,0,0.028216399075293355,"{""type"":""MultiPoint"",""coordinates"":[]}"
1596,0.0,0,0.028216399075293355,"{""type"":""MultiPoint"",""coordinates"":[]}"
1597,781.0,763,777.0079444444444,"{""type"":""MultiPoint"",""coordinates"":[]}"
1598,282.3333333333333,284,295.78641666666664,"{""type"":""MultiPoint"",""coordinates"":[]}"
1599,0.0,0,0.028216399075293355,"{""type"":""MultiPoint"",""coordinates"":[]}"
1600,781.0,754,781.3500634920637,"{""type"":""MultiPoint"",""coordinates"":[]}"
1601,803.5,799,804.9950000000001,"{""type"":""MultiPoint"",""coordinates"":[]}"
1602,363.0,355,409.10125757575764,"{""type"":""MultiPoint"",""coordinates"":[]}"
1603,325.6666666666667,254,340.3073095238095,"{""type"":""MultiPoint"",""coordinates"":[]}"
1604,526.0,466,533.0683225108226,"{""type"":""MultiPoint"",""coordinates"":[]}"
1605,654.0,573,609.6692142857141,"{""type"":""MultiPoint"",""coordinates"":[]}"
1606,227.5,300,278.0081666666667,"{""type"":""MultiPoint"",""coordinates"":[]}"
1607,450.0,454,467.9263888888888,"{""type"":""MultiPoint"",""coordinates"":[]}"
1608,363.0,372,452.27742424242416,"{""type"":""MultiPoint"",""coordinates"":[]}"
1609,778.0,757,754.9628391984361,"{""type"":""MultiPoint"",""coordinates"":[]}"
1610,745.5,774,756.9374058441556,"{""type"":""MultiPoint"",""coordinates"":[]}"
1611,694.0,705,693.6480547619047,"{""type"":""MultiPoint"",""coordinates"":[]}"
1612,0.0,0,0.028216399075293355,"{""type"":""MultiPoint"",""coordinates"":[]}"
1613,598.0,623,639.4915912698415,"{""type"":""MultiPoint"",""coordinates"":[]}"
1614,630.0,647,646.3385000000002,"{""type"":""MultiPoint"",""coordinates"":[]}"
1615,327.0,207,320.3960909090909,"{""type"":""MultiPoint"",""coordinates"":[]}"
1616,720.5,720,708.8666792885476,"{""type"":""MultiPoint"",""coordinates"":[]}"
1617,296.3333333333333,243,312.39298484848484,"{""type"":""MultiPoint"",""coordinates"":[]}"
1618,0.0,0,0.028216399075293355,"{""type"":""MultiPoint"",""coordinates"":[]}"
1619,694.5,643,665.8063373015873,"{""type"":""MultiPoint"",""coordinates"":[]}"
1620,613.3333333333334,581,620.1118333333333,"{""type"":""MultiPoint"",""coordinates"":[]}"
1621,539.3333333333334,499,511.35896825396827,"{""type"":""MultiPoint"",""coordinates"":[]}"
1622,746.0,764,744.7217153679652,"{""type"":""MultiPoint"",""coordinates"":[]}"
1623,0.0,0,0.028216399075293355,"{""type"":""MultiPoint"",""coordinates"":[]}"
1624,0.0,0,0.028216399075293355,"{""type"":""MultiPoint"",""coordinates"":[]}"
1625,689.0,655,701.2814722222222,"{""type"":""MultiPoint"",""coordinates"":[]}"
1626,691.5,703,688.14101010101,"{""type"":""MultiPoint"",""coordinates"":[]}"
1627,772.5,727,762.9680555555556,"{""type"":""MultiPoint"",""coordinates"":[]}"
1628,810.0,821,809.3898333333334,"{""type"":""MultiPoint"",""coordinates"":[]}"
1629,0.0,0,0.028216399075293355,"{""type"":""MultiPoint"",""coordinates"":[]}"
1630,371.3333333333333,379,424.2706666666669,"{""type"":""MultiPoint"",""coordinates"":[]}"
1631,773.5,768,759.0226439393939,"{""type"":""MultiPoint"",""coordinates"":[]}"
1632,0.0,0,0.028216399075293355,"{""type"":""MultiPoint"",""coordinates"":[]}"
1633,633.5,677,655.3317886002885,"{""type"":""MultiPoint"",""coordinates"":[]}"
1634,714.5,715,708.2800126218809,"{""type"":""MultiPoint"",""coordinates"":[]}"
1635,426.0,521,458.6909722222223,"{""type"":""MultiPoint"",""coordinates"":[]}"
1636,0.0,0,0.028216399075293355,"{""type"":""MultiPoint"",""coordinates"":[]}"
1637,719.6666666666666,709,724.5761036218686,"{""type"":""MultiPoint"",""coordinates"":[]}"
1638,804.5,809,814.5863333333332,"{""type"":""MultiPoint"",""coordinates"":[]}"
1639,0.0,0,0.028216399075293355,"{""type"":""MultiPoint"",""coordinates"":[]}"
1640,392.0,467,381.10476479076476,"{""type"":""MultiPoint"",""coordinates"":[]}"
1641,0.0,0,0.028216399075293355,"{""type"":""MultiPoint"",""coordinates"":[]}"
1642,0.0,0,0.028216399075293355,"{""type"":""MultiPoint"",""coordinates"":[]}"
1643,670.5,650,688.8751019214702,"{""type"":""MultiPoint"",""coordinates"":[]}"
1644,666.0,603,637.2785000000001,"{""type"":""MultiPoint"",""coordinates"":[]}"
1645,585.6666666666666,605,619.410079187378,"{""type"":""MultiPoint"",""coordinates"":[]}"
1646,736.5,731,710.5102824631509,"{""type"":""MultiPoint"",""coordinates"":[]}"
1647,792.0,801,791.5648535353536,"{""type"":""MultiPoint"",""coordinates"":[]}"
1648,347.0,336,352.5516666666666,"{""type"":""MultiPoint"",""coordinates"":[]}"
1649,773.5,804,777.8699956709956,"{""type"":""MultiPoint"",""coordinates"":[]}"
1650,781.0,723,752.9592777777776,"{""type"":""MultiPoint"",""coordinates"":[]}"
1651,726.5,768,735.4105158730157,"{""type"":""MultiPoint"",""coordinates"":[]}"
1652,0.0,0,0.028216399075293355,"{""type"":""MultiPoint"",""coordinates"":[]}"
1653,734.0,740,738.7930476190475,"{""type"":""MultiPoint"",""coordinates"":[]}"
1654,41.0,37,86.31854102564103,"{""type"":""MultiPoint"",""coordinates"":[]}"
1655,849.5,850,815.4809523809523,"{""type"":""MultiPoint"",""coordinates"":[]}"
1656,517.0,361,386.03703138528147,"{""type"":""MultiPoint"",""coordinates"":[]}"
1657,759.0,782,773.2318823953825,"{""type"":""MultiPoint"",""coordinates"":[]}"
1658,0.0,0,0.028216399075293355,"{""type"":""MultiPoint"",""coordinates"":[]}"
1660,776.3333333333334,784,772.8614047619049,"{""type"":""MultiPoint"",""coordinates"":[]}"
1661,725.6666666666666,721,719.3807655122655,"{""type"":""MultiPoint"",""coordinates"":[]}"
1662,715.5,680,702.8945476190477,"{""type"":""MultiPoint"",""coordinates"":[]}"
1663,0.0,0,0.028216399075293355,"{""type"":""MultiPoint"",""coordinates"":[]}"
1664,0.0,0,0.028216399075293355,"{""type"":""MultiPoint"",""coordinates"":[]}"
1665,738.6666666666666,749,740.9027142857142,"{""type"":""MultiPoint"",""coordinates"":[]}"
1666,827.3333333333334,838,833.734909090909,"{""type"":""MultiPoint"",""coordinates"":[]}"
1667,836.5,842,831.688833333333,"{""type"":""MultiPoint"",""coordinates"":[]}"
1668,0.0,0,0.028216399075293355,"{""type"":""MultiPoint"",""coordinates"":[]}"
1669,598.0,610,669.9243434343433,"{""type"":""MultiPoint"",""coordinates"":[]}"
1670,478.6666666666667,471,468.62955555555544,"{""type"":""MultiPoint"",""coordinates"":[]}"
1671,777.5,770,779.3411868686865,"{""type"":""MultiPoint"",""coordinates"":[]}"
1672,0.0,0,0.028216399075293355,"{""type"":""MultiPoint"",""coordinates"":[]}"
1673,41.0,60,90.62294273504273,"{""type"":""MultiPoint"",""coordinates"":[]}"
1674,827.3333333333334,785,830.1813333333333,"{""type"":""MultiPoint"",""coordinates"":[]}"
1675,897.0,905,890.0575000000003,"{""type"":""MultiPoint"",""coordinates"":[]}"
1676,722.3333333333334,732,737.7948754578753,"{""type"":""MultiPoint"",""coordinates"":[]}"
1677,739.0,733,748.0007153679654,"{""type"":""MultiPoint"",""coordinates"":[]}"
1678,633.5,612,640.4348354978355,"{""type"":""MultiPoint"",""coordinates"":[]}"
1679,773.5,773,766.6578766233766,"{""type"":""MultiPoint"",""coordinates"":[]}"
1680,788.3333333333334,822,800.6057324929974,"{""type"":""MultiPoint"",""coordinates"":[]}"
1681,702.0,675,669.0281785714284,"{""type"":""MultiPoint"",""coordinates"":[]}"
1682,897.0,902,880.3951666666669,"{""type"":""MultiPoint"",""coordinates"":[]}"
1683,0.0,0,0.028216399075293355,"{""type"":""MultiPoint"",""coordinates"":[]}"
1684,0.0,0,0.028216399075293355,"{""type"":""MultiPoint"",""coordinates"":[]}"
1685,547.5,557,554.573940781441,"{""type"":""MultiPoint"",""coordinates"":[]}"
1686,585.6666666666666,631,624.2535910921398,"{""type"":""MultiPoint"",""coordinates"":[]}"
1687,0.0,0,0.028216399075293355,"{""type"":""MultiPoint"",""coordinates"":[]}"
1688,691.5,701,703.7183051948051,"{""type"":""MultiPoint"",""coordinates"":[]}"
1689,745.5,763,752.4829653679653,"{""type"":""MultiPoint"",""coordinates"":[]}"
1690,816.0,801,791.7758515406163,"{""type"":""MultiPoint"",""coordinates"":[]}"
1691,662.5,684,674.4093452380952,"{""type"":""MultiPoint"",""coordinates"":[]}"
1692,681.3333333333334,687,689.4909357142857,"{""type"":""MultiPoint"",""coordinates"":[]}"
1693,0.0,0,0.028216399075293355,"{""type"":""MultiPoint"",""coordinates"":[]}"
1694,510.0,507,530.9802748917749,"{""type"":""MultiPoint"",""coordinates"":[]}"
1695,815.6666666666666,781,804.7822261904761,"{""type"":""MultiPoint"",""coordinates"":[]}"
1696,716.6666666666666,711,703.7359919869605,"{""type"":""MultiPoint"",""coordinates"":[]}"
1697,742.0,755,769.2912146358544,"{""type"":""MultiPoint"",""coordinates"":[]}"
1698,485.0,407,490.232056034987,"{""type"":""MultiPoint"",""coordinates"":[]}"
1699,738.6666666666666,747,739.4556825396826,"{""type"":""MultiPoint"",""coordinates"":[]}"
1700,0.0,0,2.1615497324086266,"{""type"":""MultiPoint"",""coordinates"":[]}"
1701,347.0,354,357.06166666666667,"{""type"":""MultiPoint"",""coordinates"":[]}"
1702,477.3333333333333,494,444.6049166666668,"{""type"":""MultiPoint"",""coordinates"":[]}"
1703,631.5,715,662.8308650793649,"{""type"":""MultiPoint"",""coordinates"":[]}"
1704,332.6666666666667,338,375.86268145743156,"{""type"":""MultiPoint"",""coordinates"":[]}"
1705,0.0,0,0.028216399075293355,"{""type"":""MultiPoint"",""coordinates"":[]}"
1706,760.5,738,742.8752360238328,"{""type"":""MultiPoint"",""coordinates"":[]}"
1707,0.0,0,0.028216399075293355,"{""type"":""MultiPoint"",""coordinates"":[]}"
1708,0.0,0,0.028216399075293355,"{""type"":""MultiPoint"",""coordinates"":[]}"
1709,801.0,796,799.7591666666667,"{""type"":""MultiPoint"",""coordinates"":[]}"
1710,601.0,627,587.5301666666667,"{""type"":""MultiPoint"",""coordinates"":[]}"
1711,0.0,0,0.028216399075293355,"{""type"":""MultiPoint"",""coordinates"":[]}"
1712,726.5,730,736.2908253968252,"{""type"":""MultiPoint"",""coordinates"":[]}"
1713,633.0,624,624.6596309523809,"{""type"":""MultiPoint"",""coordinates"":[]}"
1714,296.3333333333333,265,352.3296428571429,"{""type"":""MultiPoint"",""coordinates"":[]}"
1715,714.5,705,708.5222983361667,"{""type"":""MultiPoint"",""coordinates"":[]}"
1716,702.0,649,662.9241576479076,"{""type"":""MultiPoint"",""coordinates"":[]}"
1717,714.5,707,708.5016792885476,"{""type"":""MultiPoint"",""coordinates"":[]}"
1718,0.0,0,0.028216399075293355,"{""type"":""MultiPoint"",""coordinates"":[]}"
1719,634.5,582,633.1601774042952,"{""type"":""MultiPoint"",""coordinates"":[]}"
1720,0.0,0,0.028216399075293355,"{""type"":""MultiPoint"",""coordinates"":[]}"
1721,539.3333333333334,619,512.6161904761904,"{""type"":""MultiPoint"",""coordinates"":[]}"
1722,0.0,0,0.028216399075293355,"{""type"":""MultiPoint"",""coordinates"":[]}"
1723,533.0,480,534.9031558441558,"{""type"":""MultiPoint"",""coordinates"":[]}"
1724,711.0,602,658.4104166666667,"{""type"":""MultiPoint"",""coordinates"":[]}"
1725,296.5,293,311.2246666666666,"{""type"":""MultiPoint"",""coordinates"":[]}"
1726,734.5,738,722.4576645299146,"{""type"":""MultiPoint"",""coordinates"":[]}"
1727,0.0,0,0.028216399075293355,"{""type"":""MultiPoint"",""coordinates"":[]}"
1728,0.0,0,2.1615497324086266,"{""type"":""MultiPoint"",""coordinates"":[]}"
1729,739.0,738,738.5424860238329,"{""type"":""MultiPoint"",""coordinates"":[]}"
1730,587.6666666666666,623,597.6392976190477,"{""type"":""MultiPoint"",""coordinates"":[]}"
1731,708.5,711,716.5136248473748,"{""type"":""MultiPoint"",""coordinates"":[]}"
1732,705.0,736,714.4524343711844,"{""type"":""MultiPoint"",""coordinates"":[]}"
1733,332.6666666666667,342,394.04268145743146,"{""type"":""MultiPoint"",""coordinates"":[]}"
1734,861.5,878,871.0948333333332,"{""type"":""MultiPoint"",""coordinates"":[]}"
1735,0.0,0,0.028216399075293355,"{""type"":""MultiPoint"",""coordinates"":[]}"
1736,0.0,0,0.028216399075293355,"{""type"":""MultiPoint"",""coordinates"":[]}"
1737,716.6666666666666,716,706.7052062726747,"{""type"":""MultiPoint"",""coordinates"":[]}"
1738,0.0,0,0.028216399075293355,"{""type"":""MultiPoint"",""coordinates"":[]}"
1739,24.333333333333332,27,53.10657424643006,"{""type"":""MultiPoint"",""coordinates"":[]}"
1740,520.3333333333334,480,518.3431984126984,"{""type"":""MultiPoint"",""coordinates"":[]}"
1741,722.3333333333334,717,738.3104860238329,"{""type"":""MultiPoint"",""coordinates"":[]}"
1742,0.0,0,0.028216399075293355,"{""type"":""MultiPoint"",""coordinates"":[]}"
1743,0.0,0,0.028216399075293355,"{""type"":""MultiPoint"",""coordinates"":[]}"
1744,745.5,757,757.386358225108,"{""type"":""MultiPoint"",""coordinates"":[]}"
1745,0.0,0,0.028216399075293355,"{""type"":""MultiPoint"",""coordinates"":[]}"
1746,477.3333333333333,379,426.32815476190467,"{""type"":""MultiPoint"",""coordinates"":[]}"
1747,745.5,775,752.7212987012987,"{""type"":""MultiPoint"",""coordinates"":[]}"
1748,325.6666666666667,299,302.54148484848486,"{""type"":""MultiPoint"",""coordinates"":[]}"
1749,699.3333333333334,742,711.9147121489622,"{""type"":""MultiPoint"",""coordinates"":[]}"
1750,322.0,270,304.84316666666666,"{""type"":""MultiPoint"",""coordinates"":[]}"
1751,827.3333333333334,821,830.6579999999999,"{""type"":""MultiPoint"",""coordinates"":[]}"
1752,663.5,677,673.5165,"{""type"":""MultiPoint"",""coordinates"":[]}"
1753,678.6666666666666,621,655.8021627261629,"{""type"":""MultiPoint"",""coordinates"":[]}"
1754,0.0,0,0.028216399075293355,"{""type"":""MultiPoint"",""coordinates"":[]}"
1755,0.0,0,0.028216399075293355,"{""type"":""MultiPoint"",""coordinates"":[]}"
1756,725.6666666666666,703,734.5937658624057,"{""type"":""MultiPoint"",""coordinates"":[]}"
1757,712.3333333333334,712,705.6246388888887,"{""type"":""MultiPoint"",""coordinates"":[]}"
1758,897.0,920,883.5035000000003,"{""type"":""MultiPoint"",""coordinates"":[]}"
1759,827.3333333333334,818,828.2058333333331,"{""type"":""MultiPoint"",""coordinates"":[]}"
1760,537.5,542,529.5230476190475,"{""type"":""MultiPoint"",""coordinates"":[]}"
1761,709.5,684,705.0917368421052,"{""type"":""MultiPoint"",""coordinates"":[]}"
1762,296.3333333333333,327,304.14331818181813,"{""type"":""MultiPoint"",""coordinates"":[]}"
1763,701.5,685,685.7822720057718,"{""type"":""MultiPoint"",""coordinates"":[]}"
1764,670.5,651,681.6806257309939,"{""type"":""MultiPoint"",""coordinates"":[]}"
1765,0.0,0,0.028216399075293355,"{""type"":""MultiPoint"",""coordinates"":[]}"
1766,426.0,441,462.81505555555555,"{""type"":""MultiPoint"",""coordinates"":[]}"
1767,626.5,696,651.910883116883,"{""type"":""MultiPoint"",""coordinates"":[]}"
1768,745.5,768,751.8633820346321,"{""type"":""MultiPoint"",""coordinates"":[]}"
1769,612.0,611,644.1693135198136,"{""type"":""MultiPoint"",""coordinates"":[]}"
1770,638.0,619,619.9188809523807,"{""type"":""MultiPoint"",""coordinates"":[]}"
1771,776.3333333333334,756,763.5084289215687,"{""type"":""MultiPoint"",""coordinates"":[]}"
1772,801.0,817,801.1441666666667,"{""type"":""MultiPoint"",""coordinates"":[]}"
1773,103.5,256,152.54699999999997,"{""type"":""MultiPoint"",""coordinates"":[]}"
1774,606.5,617,620.0897142857143,"{""type"":""MultiPoint"",""coordinates"":[]}"
1775,613.3333333333334,558,595.1736387111873,"{""type"":""MultiPoint"",""coordinates"":[]}"
1776,450.0,484,482.94283333333334,"{""type"":""MultiPoint"",""coordinates"":[]}"
1777,779.3333333333334,778,778.8283715728717,"{""type"":""MultiPoint"",""coordinates"":[]}"
1778,772.5,754,764.5425555555554,"{""type"":""MultiPoint"",""coordinates"":[]}"
1779,557.3333333333334,552,505.47921428571425,"{""type"":""MultiPoint"",""coordinates"":[]}"
1780,793.0,784,785.4305959595961,"{""type"":""MultiPoint"",""coordinates"":[]}"
1781,144.5,148,123.32716666666664,"{""type"":""MultiPoint"",""coordinates"":[]}"
1782,772.5,773,757.6380555555558,"{""type"":""MultiPoint"",""coordinates"":[]}"
1783,0.0,0,2.1615497324086266,"{""type"":""MultiPoint"",""coordinates"":[]}"
1784,836.0,832,817.6725357142858,"{""type"":""MultiPoint"",""coordinates"":[]}"
1785,539.3333333333334,565,515.9148015873016,"{""type"":""MultiPoint"",""coordinates"":[]}"
1786,0.0,0,0.028216399075293355,"{""type"":""MultiPoint"",""coordinates"":[]}"
1787,412.0,544,416.38632142857136,"{""type"":""MultiPoint"",""coordinates"":[]}"
1788,634.5,686,633.0966774042952,"{""type"":""MultiPoint"",""coordinates"":[]}"
1789,520.3333333333334,495,504.01092063492064,"{""type"":""MultiPoint"",""coordinates"":[]}"
1790,612.0,646,644.0993135198137,"{""type"":""MultiPoint"",""coordinates"":[]}"
1791,382.5,382,405.8626814574314,"{""type"":""MultiPoint"",""coordinates"":[]}"
1792,528.0,524,539.335869971051,"{""type"":""MultiPoint"",""coordinates"":[]}"
1793,758.0,739,773.0490757575757,"{""type"":""MultiPoint"",""coordinates"":[]}"
1794,828.6666666666666,849,839.4075,"{""type"":""MultiPoint"",""coordinates"":[]}"
1795,764.0,781,766.0505955882354,"{""type"":""MultiPoint"",""coordinates"":[]}"
1796,773.5,781,775.3546623376625,"{""type"":""MultiPoint"",""coordinates"":[]}"
1797,324.0,343,288.74706060606064,"{""type"":""MultiPoint"",""coordinates"":[]}"
1798,696.5,751,731.0948391984361,"{""type"":""MultiPoint"",""coordinates"":[]}"
1799,726.5,741,741.6168809523807,"{""type"":""MultiPoint"",""coordinates"":[]}"
1800,543.5,565,588.6002344322344,"{""type"":""MultiPoint"",""coordinates"":[]}"
1801,0.0,0,0.028216399075293355,"{""type"":""MultiPoint"",""coordinates"":[]}"
1802,557.3333333333334,607,553.9510476190476,"{""type"":""MultiPoint"",""coordinates"":[]}"
1803,612.3333333333334,607,586.4825238095239,"{""type"":""MultiPoint"",""coordinates"":[]}"
1804,772.5,788,763.7983888888891,"{""type"":""MultiPoint"",""coordinates"":[]}"
1805,775.5,792,774.0722857142858,"{""type"":""MultiPoint"",""coordinates"":[]}"
1806,791.0,765,787.3392658730158,"{""type"":""MultiPoint"",""coordinates"":[]}"
1807,0.0,0,0.028216399075293355,"{""type"":""MultiPoint"",""coordinates"":[]}"
1808,709.5,732,703.7534035087718,"{""type"":""MultiPoint"",""coordinates"":[]}"
1809,572.0,642,583.430677106726,"{""type"":""MultiPoint"",""coordinates"":[]}"
1810,653.0,611,644.8954246309247,"{""type"":""MultiPoint"",""coordinates"":[]}"
1811,0.0,0,0.028216399075293355,"{""type"":""MultiPoint"",""coordinates"":[]}"
1812,720.5,696,709.3976515107698,"{""type"":""MultiPoint"",""coordinates"":[]}"
1813,332.6666666666667,354,370.9510147907648,"{""type"":""MultiPoint"",""coordinates"":[]}"
1814,421.3333333333333,445,408.79916666666674,"{""type"":""MultiPoint"",""coordinates"":[]}"
1815,572.0,591,581.3545659956147,"{""type"":""MultiPoint"",""coordinates"":[]}"
1816,772.5,803,783.61052020202,"{""type"":""MultiPoint"",""coordinates"":[]}"
1817,653.6666666666666,669,667.7323690753691,"{""type"":""MultiPoint"",""coordinates"":[]}"
1818,0.0,0,0.028216399075293355,"{""type"":""MultiPoint"",""coordinates"":[]}"
1819,676.6666666666666,717,679.1969166666667,"{""type"":""MultiPoint"",""coordinates"":[]}"
1820,732.5,738,724.8556962759462,"{""type"":""MultiPoint"",""coordinates"":[]}"
1821,618.0,669,633.0598095238095,"{""type"":""MultiPoint"",""coordinates"":[]}"
1822,520.3333333333334,460,507.8050873015873,"{""type"":""MultiPoint"",""coordinates"":[]}"
1823,296.5,301,309.4596666666667,"{""type"":""MultiPoint"",""coordinates"":[]}"
1824,612.0,652,638.3659801864802,"{""type"":""MultiPoint"",""coordinates"":[]}"
1825,0.0,0,0.028216399075293355,"{""type"":""MultiPoint"",""coordinates"":[]}"
1826,296.3333333333333,333,338.6329761904763,"{""type"":""MultiPoint"",""coordinates"":[]}"
1827,0.0,0,0.028216399075293355,"{""type"":""MultiPoint"",""coordinates"":[]}"
1828,648.5,695,663.4112164502164,"{""type"":""MultiPoint"",""coordinates"":[]}"
1829,585.3333333333334,553,576.5436746647233,"{""type"":""MultiPoint"",""coordinates"":[]}"
1830,249.0,225,283.5762575757576,"{""type"":""MultiPoint"",""coordinates"":[]}"
1831,0.0,0,0.028216399075293355,"{""type"":""MultiPoint"",""coordinates"":[]}"
1832,806.5,782,812.7434523809525,"{""type"":""MultiPoint"",""coordinates"":[]}"
1833,653.0,632,646.8224246309247,"{""type"":""MultiPoint"",""coordinates"":[]}"
1834,722.3333333333334,732,738.4874860238327,"{""type"":""MultiPoint"",""coordinates"":[]}"
1835,663.5,656,661.5555,"{""type"":""MultiPoint"",""coordinates"":[]}"
1836,0.0,0,0.028216399075293355,"{""type"":""MultiPoint"",""coordinates"":[]}"
1837,734.0,713,742.9282868174837,"{""type"":""MultiPoint"",""coordinates"":[]}"
1838,0.0,0,0.028216399075293355,"{""type"":""MultiPoint"",""coordinates"":[]}"
1839,730.6666666666666,753,730.0526373626374,"{""type"":""MultiPoint"",""coordinates"":[]}"
1840,0.0,0,0.028216399075293355,"{""type"":""MultiPoint"",""coordinates"":[]}"
1841,394.3333333333333,413,447.1139131778442,"{""type"":""MultiPoint"",""coordinates"":[]}"
1842,0.0,0,0.028216399075293355,"{""type"":""MultiPoint"",""coordinates"":[]}"
1843,669.3333333333334,671,651.3239386724385,"{""type"":""MultiPoint"",""coordinates"":[]}"
1844,41.0,53,82.3962760683761,"{""type"":""MultiPoint"",""coordinates"":[]}"
1845,0.0,0,0.028216399075293355,"{""type"":""MultiPoint"",""coordinates"":[]}"
1846,0.0,0,0.028216399075293355,"{""type"":""MultiPoint"",""coordinates"":[]}"
1847,0.0,0,0.028216399075293355,"{""type"":""MultiPoint"",""coordinates"":[]}"
1848,322.0,224,288.7071666666666,"{""type"":""MultiPoint"",""coordinates"":[]}"
1849,602.5,633,616.2294761904761,"{""type"":""MultiPoint"",""coordinates"":[]}"
1850,653.6666666666666,679,685.1632738095238,"{""type"":""MultiPoint"",""coordinates"":[]}"
1851,636.5,620,663.9403055555555,"{""type"":""MultiPoint"",""coordinates"":[]}"
1852,653.6666666666666,668,663.2465039682539,"{""type"":""MultiPoint"",""coordinates"":[]}"
1853,0.0,0,0.028216399075293355,"{""type"":""MultiPoint"",""coordinates"":[]}"
1854,763.5,800,745.3329860132226,"{""type"":""MultiPoint"",""coordinates"":[]}"
1855,0.0,0,0.028216399075293355,"{""type"":""MultiPoint"",""coordinates"":[]}"
1856,138.0,60,236.45052380952373,"{""type"":""MultiPoint"",""coordinates"":[]}"
1857,480.5,551,520.9306825396827,"{""type"":""MultiPoint"",""coordinates"":[]}"
1858,754.6666666666666,760,747.7933669762137,"{""type"":""MultiPoint"",""coordinates"":[]}"
1859,478.6666666666667,540,454.35213888888893,"{""type"":""MultiPoint"",""coordinates"":[]}"
1860,618.0,668,624.7981428571429,"{""type"":""MultiPoint"",""coordinates"":[]}"
1861,716.6666666666666,697,704.7980157964842,"{""type"":""MultiPoint"",""coordinates"":[]}"
1862,572.0,589,591.0420791873778,"{""type"":""MultiPoint"",""coordinates"":[]}"
1863,776.3333333333334,765,762.3835256957624,"{""type"":""MultiPoint"",""coordinates"":[]}"
1864,0.0,0,0.028216399075293355,"{""type"":""MultiPoint"",""coordinates"":[]}"
1865,781.0,788,781.8671468253967,"{""type"":""MultiPoint"",""coordinates"":[]}"
1866,0.0,0,0.028216399075293355,"{""type"":""MultiPoint"",""coordinates"":[]}"
1867,0.0,0,0.028216399075293355,"{""type"":""MultiPoint"",""coordinates"":[]}"
1868,737.5,751,726.978263888889,"{""type"":""MultiPoint"",""coordinates"":[]}"
1869,801.0,797,793.4680404040403,"{""type"":""MultiPoint"",""coordinates"":[]}"
1870,668.6666666666666,720,701.2887142857144,"{""type"":""MultiPoint"",""coordinates"":[]}"
1871,0.0,0,0.028216399075293355,"{""type"":""MultiPoint"",""coordinates"":[]}"
1872,701.6666666666666,682,685.7322738095239,"{""type"":""MultiPoint"",""coordinates"":[]}"
1873,0.0,0,0.028216399075293355,"{""type"":""MultiPoint"",""coordinates"":[]}"
1874,676.6666666666666,672,666.54886002886,"{""type"":""MultiPoint"",""coordinates"":[]}"
1875,0.0,0,0.028216399075293355,"{""type"":""MultiPoint"",""coordinates"":[]}"
1876,446.5,470,418.36916666666673,"{""type"":""MultiPoint"",""coordinates"":[]}"
1877,478.6666666666667,421,470.23007984451084,"{""type"":""MultiPoint"",""coordinates"":[]}"
1878,620.0,677,643.2451893090571,"{""type"":""MultiPoint"",""coordinates"":[]}"
1879,520.3333333333334,550,504.2125873015873,"{""type"":""MultiPoint"",""coordinates"":[]}"
1880,342.5,218,274.29592424242423,"{""type"":""MultiPoint"",""coordinates"":[]}"
1881,722.3333333333334,733,739.4396526904993,"{""type"":""MultiPoint"",""coordinates"":[]}"
1882,813.0,805,808.2477424242423,"{""type"":""MultiPoint"",""coordinates"":[]}"
1883,0.0,0,0.028216399075293355,"{""type"":""MultiPoint"",""coordinates"":[]}"
1884,0.0,0,0.028216399075293355,"{""type"":""MultiPoint"",""coordinates"":[]}"
1885,631.5,686,651.4715912975912,"{""type"":""MultiPoint"",""coordinates"":[]}"
1886,594.5,627,596.112630952381,"{""type"":""MultiPoint"",""coordinates"":[]}"
1887,484.5,491,493.8295,"{""type"":""MultiPoint"",""coordinates"":[]}"
1888,392.0,437,400.6199909812409,"{""type"":""MultiPoint"",""coordinates"":[]}"
1889,821.0,836,818.8513333333332,"{""type"":""MultiPoint"",""coordinates"":[]}"
1890,0.0,0,0.028216399075293355,"{""type"":""MultiPoint"",""coordinates"":[]}"
1891,332.6666666666667,374,393.0098481240982,"{""type"":""MultiPoint"",""coordinates"":[]}"
1892,0.0,0,0.028216399075293355,"{""type"":""MultiPoint"",""coordinates"":[]}"
1893,501.5,530,509.6965277777779,"{""type"":""MultiPoint"",""coordinates"":[]}"
1894,0.0,0,0.028216399075293355,"{""type"":""MultiPoint"",""coordinates"":[]}"
1895,0.0,0,0.028216399075293355,"{""type"":""MultiPoint"",""coordinates"":[]}"
1896,801.0,784,799.5533333333333,"{""type"":""MultiPoint"",""coordinates"":[]}"
1897,0.0,0,0.028216399075293355,"{""type"":""MultiPoint"",""coordinates"":[]}"
1898,501.5,502,518.842027777778,"{""type"":""MultiPoint"",""coordinates"":[]}"
1899,801.0,790,800.0609999999999,"{""type"":""MultiPoint"",""coordinates"":[]}"
1900,0.0,0,0.028216399075293355,"{""type"":""MultiPoint"",""coordinates"":[]}"
1901,539.3333333333334,534,511.5923809523809,"{""type"":""MultiPoint"",""coordinates"":[]}"
1902,412.0,475,432.5968015873017,"{""type"":""MultiPoint"",""coordinates"":[]}"
1903,737.5,742,734.161263888889,"{""type"":""MultiPoint"",""coordinates"":[]}"
1904,480.5,530,514.4314603174604,"{""type"":""MultiPoint"",""coordinates"":[]}"
1905,780.5,785,774.4916666666667,"{""type"":""MultiPoint"",""coordinates"":[]}"
1906,371.3333333333333,355,438.98933333333343,"{""type"":""MultiPoint"",""coordinates"":[]}"
1907,558.5,537,523.3818333333334,"{""type"":""MultiPoint"",""coordinates"":[]}"
1908,0.0,0,0.028216399075293355,"{""type"":""MultiPoint"",""coordinates"":[]}"
1909,316.0,295,310.30483333333336,"{""type"":""MultiPoint"",""coordinates"":[]}"
1910,0.0,0,0.028216399075293355,"{""type"":""MultiPoint"",""coordinates"":[]}"
1911,504.0,471,491.4497500000001,"{""type"":""MultiPoint"",""coordinates"":[]}"
1912,0.0,0,0.028216399075293355,"{""type"":""MultiPoint"",""coordinates"":[]}"
1913,0.0,0,0.028216399075293355,"{""type"":""MultiPoint"",""coordinates"":[]}"
1914,525.0,512,533.0306517170826,"{""type"":""MultiPoint"",""coordinates"":[]}"
1915,751.0,740,740.0400421245417,"{""type"":""MultiPoint"",""coordinates"":[]}"
1916,694.5,689,685.9794119047618,"{""type"":""MultiPoint"",""coordinates"":[]}"
1917,0.0,0,0.028216399075293355,"{""type"":""MultiPoint"",""coordinates"":[]}"
1918,739.0,733,735.3776532356533,"{""type"":""MultiPoint"",""coordinates"":[]}"
1919,730.6666666666666,752,730.3469706959709,"{""type"":""MultiPoint"",""coordinates"":[]}"
1920,738.0,749,743.6075336428804,"{""type"":""MultiPoint"",""coordinates"":[]}"
1921,789.0,821,791.3794166666668,"{""type"":""MultiPoint"",""coordinates"":[]}"
1922,392.0,390,389.79399098124094,"{""type"":""MultiPoint"",""coordinates"":[]}"
1923,296.5,293,309.5996666666666,"{""type"":""MultiPoint"",""coordinates"":[]}"
1924,726.5,744,731.1018809523811,"{""type"":""MultiPoint"",""coordinates"":[]}"
1925,0.0,0,0.028216399075293355,"{""type"":""MultiPoint"",""coordinates"":[]}"
1926,428.0,324,351.17778571428585,"{""type"":""MultiPoint"",""coordinates"":[]}"
1927,702.0,635,662.4285714285714,"{""type"":""MultiPoint"",""coordinates"":[]}"
1928,739.0,718,732.5843809523809,"{""type"":""MultiPoint"",""coordinates"":[]}"
1929,585.6666666666666,611,600.4614958540445,"{""type"":""MultiPoint"",""coordinates"":[]}"
1930,544.5,574,561.7397142857144,"{""type"":""MultiPoint"",""coordinates"":[]}"
1931,779.6666666666666,777,782.0742920168067,"{""type"":""MultiPoint"",""coordinates"":[]}"
1932,772.5,745,778.4709090909091,"{""type"":""MultiPoint"",""coordinates"":[]}"
1933,504.5,480,506.40046825396826,"{""type"":""MultiPoint"",""coordinates"":[]}"
1934,681.3333333333334,664,686.7545357142858,"{""type"":""MultiPoint"",""coordinates"":[]}"
1935,484.5,466,498.79033333333325,"{""type"":""MultiPoint"",""coordinates"":[]}"
1936,392.0,358,394.21814574314567,"{""type"":""MultiPoint"",""coordinates"":[]}"
1937,716.6666666666666,723,708.4192062726747,"{""type"":""MultiPoint"",""coordinates"":[]}"
1938,738.6666666666666,761,740.307880952381,"{""type"":""MultiPoint"",""coordinates"":[]}"
1939,592.0,660,629.1113095238095,"{""type"":""MultiPoint"",""coordinates"":[]}"
1940,842.0,835,828.5557023809524,"{""type"":""MultiPoint"",""coordinates"":[]}"
1941,0.0,0,0.028216399075293355,"{""type"":""MultiPoint"",""coordinates"":[]}"
1942,381.0,357,378.87333333333345,"{""type"":""MultiPoint"",""coordinates"":[]}"
1943,36.0,42,49.49304973240863,"{""type"":""MultiPoint"",""coordinates"":[]}"
1944,0.0,0,0.028216399075293355,"{""type"":""MultiPoint"",""coordinates"":[]}"
1945,392.0,349,403.0581576479076,"{""type"":""MultiPoint"",""coordinates"":[]}"
1946,773.5,767,760.4805050505053,"{""type"":""MultiPoint"",""coordinates"":[]}"
1947,490.0,332,395.54798701298694,"{""type"":""MultiPoint"",""coordinates"":[]}"
1948,745.5,765,756.4228106060605,"{""type"":""MultiPoint"",""coordinates"":[]}"
1949,816.0,803,796.7685420168068,"{""type"":""MultiPoint"",""coordinates"":[]}"
1950,336.5,379,384.6888719336219,"{""type"":""MultiPoint"",""coordinates"":[]}"
1951,763.5,763,742.4141526798891,"{""type"":""MultiPoint"",""coordinates"":[]}"
1952,827.3333333333334,848,838.514409090909,"{""type"":""MultiPoint"",""coordinates"":[]}"
1953,518.5,490,498.296090909091,"{""type"":""MultiPoint"",""coordinates"":[]}"
1954,428.0,370,399.0314761904761,"{""type"":""MultiPoint"",""coordinates"":[]}"
1955,758.3333333333334,744,753.1565,"{""type"":""MultiPoint"",""coordinates"":[]}"
1956,700.0,662,679.6648032201716,"{""type"":""MultiPoint"",""coordinates"":[]}"
1957,0.0,0,0.028216399075293355,"{""type"":""MultiPoint"",""coordinates"":[]}"
1958,0.0,0,2.1615497324086266,"{""type"":""MultiPoint"",""coordinates"":[]}"
1959,539.3333333333334,579,512.838134920635,"{""type"":""MultiPoint"",""coordinates"":[]}"
1960,716.6666666666666,745,708.3782538917222,"{""type"":""MultiPoint"",""coordinates"":[]}"
1961,772.5,761,780.6175000000002,"{""type"":""MultiPoint"",""coordinates"":[]}"
1962,0.0,0,0.028216399075293355,"{""type"":""MultiPoint"",""coordinates"":[]}"
1963,839.0,839,836.0383333333333,"{""type"":""MultiPoint"",""coordinates"":[]}"
1964,458.0,490,482.7954242424242,"{""type"":""MultiPoint"",""coordinates"":[]}"
1965,783.0,803,790.1926666666666,"{""type"":""MultiPoint"",""coordinates"":[]}"
1966,754.0,753,745.2529145952612,"{""type"":""MultiPoint"",""coordinates"":[]}"
1967,682.6666666666666,685,682.3115547619049,"{""type"":""MultiPoint"",""coordinates"":[]}"
1968,717.0,710,710.8381388888889,"{""type"":""MultiPoint"",""coordinates"":[]}"
1969,504.5,574,516.9254682539682,"{""type"":""MultiPoint"",""coordinates"":[]}"
1970,745.5,796,755.5057391774889,"{""type"":""MultiPoint"",""coordinates"":[]}"
1971,547.0,504,538.8309017170827,"{""type"":""MultiPoint"",""coordinates"":[]}"
1972,0.0,0,0.028216399075293355,"{""type"":""MultiPoint"",""coordinates"":[]}"
1973,785.5,785,777.2742445887446,"{""type"":""MultiPoint"",""coordinates"":[]}"
1974,0.0,0,0.028216399075293355,"{""type"":""MultiPoint"",""coordinates"":[]}"
1975,787.0,801,795.0269761904763,"{""type"":""MultiPoint"",""coordinates"":[]}"
1976,654.0,657,631.3317142857143,"{""type"":""MultiPoint"",""coordinates"":[]}"
1977,816.0,829,800.7017380952383,"{""type"":""MultiPoint"",""coordinates"":[]}"
1978,490.0,373,387.548106060606,"{""type"":""MultiPoint"",""coordinates"":[]}"
1979,740.5,746,741.5605421245422,"{""type"":""MultiPoint"",""coordinates"":[]}"
1980,0.0,0,0.028216399075293355,"{""type"":""MultiPoint"",""coordinates"":[]}"
1981,810.5,816,805.9191666666666,"{""type"":""MultiPoint"",""coordinates"":[]}"
1982,0.0,0,0.028216399075293355,"{""type"":""MultiPoint"",""coordinates"":[]}"
1983,779.3333333333334,767,767.8733091630592,"{""type"":""MultiPoint"",""coordinates"":[]}"
1984,744.3333333333334,758,746.076855071452,"{""type"":""MultiPoint"",""coordinates"":[]}"
1985,810.0,820,809.3565000000001,"{""type"":""MultiPoint"",""coordinates"":[]}"
1986,474.0,488,481.0545560349871,"{""type"":""MultiPoint"",""coordinates"":[]}"
1987,666.0,653,632.0023459222768,"{""type"":""MultiPoint"",""coordinates"":[]}"
1988,557.3333333333334,591,539.5464891774891,"{""type"":""MultiPoint"",""coordinates"":[]}"
1989,480.5,603,514.0773492063494,"{""type"":""MultiPoint"",""coordinates"":[]}"
1990,838.0,836,830.5922424242423,"{""type"":""MultiPoint"",""coordinates"":[]}"
1991,227.5,296,260.25698484848493,"{""type"":""MultiPoint"",""coordinates"":[]}"
1992,793.0,790,794.1153535353537,"{""type"":""MultiPoint"",""coordinates"":[]}"
1993,0.0,0,0.028216399075293355,"{""type"":""MultiPoint"",""coordinates"":[]}"
1994,445.5,429,445.75027777777774,"{""type"":""MultiPoint"",""coordinates"":[]}"
1995,662.5,649,664.9528243145743,"{""type"":""MultiPoint"",""coordinates"":[]}"
1996,36.0,14,47.98174802300693,"{""type"":""MultiPoint"",""coordinates"":[]}"
1997,648.5,614,661.5456053391054,"{""type"":""MultiPoint"",""coordinates"":[]}"
1998,0.0,0,0.028216399075293355,"{""type"":""MultiPoint"",""coordinates"":[]}"
1999,478.6666666666667,423,457.01538888888876,"{""type"":""MultiPoint"",""coordinates"":[]}"
